relative_path,phase,status,translation_block_count,string_dialogue_count,source_word_estimate,count_reference_language,present_in_languages,structure_variance,source_upstream_baseline_sha,notes
code/classes/character.rpy,Phase 2,not started,1,10,56,deutsch,deutsch;italian;french;spanish;portuguese;turkish;chinese,no,cbb9016479fa95aca7c6ad58593fdf63093d7659,
code/classes/chat_controller.rpy,Phase 2,not started,2,8,14,deutsch,deutsch;italian;french;spanish;portuguese;turkish;chinese,yes,cbb9016479fa95aca7c6ad58593fdf63093d7659,
code/classes/gallery.rpy,Phase 2,not started,1,2,8,deutsch,deutsch;italian;french;spanish;portuguese;turkish;chinese,no,cbb9016479fa95aca7c6ad58593fdf63093d7659,
code/classes/gametime.rpy,Phase 2,not started,2,5,22,deutsch,deutsch;italian;french;spanish;portuguese;turkish;chinese,yes,cbb9016479fa95aca7c6ad58593fdf63093d7659,
code/classes/interaction_character_option.rpy,Phase 2,not started,1,12,33,deutsch,deutsch;italian;french;spanish;portuguese;turkish;chinese,no,cbb9016479fa95aca7c6ad58593fdf63093d7659,
code/classes/interaction_location_option.rpy,Phase 2,not started,1,1,0,deutsch,deutsch;italian;french;spanish;portuguese;turkish;chinese,no,cbb9016479fa95aca7c6ad58593fdf63093d7659,
code/classes/interaction_object_option.rpy,Phase 2,not started,1,2,9,deutsch,deutsch;italian;french;spanish;portuguese;turkish;chinese,no,cbb9016479fa95aca7c6ad58593fdf63093d7659,
code/classes/it_controller.rpy,Phase 2,not started,1,2,10,deutsch,deutsch;italian;french;spanish;portuguese;turkish;chinese,no,cbb9016479fa95aca7c6ad58593fdf63093d7659,
code/classes/location_controller.rpy,Phase 2,not started,1,5,30,deutsch,deutsch;italian;french;spanish;portuguese;turkish;chinese,no,cbb9016479fa95aca7c6ad58593fdf63093d7659,
code/classes/lovense.rpy,Phase 2,not started,1,1,13,deutsch,deutsch;italian;french;spanish;portuguese;turkish;chinese,no,cbb9016479fa95aca7c6ad58593fdf63093d7659,
code/classes/map_location.rpy,Phase 2,not started,1,5,17,deutsch,deutsch;italian;french;spanish;portuguese;turkish;chinese,no,cbb9016479fa95aca7c6ad58593fdf63093d7659,
code/classes/movie_controllers.rpy,Phase 2,not started,2,22,68,turkish,deutsch;italian;french;spanish;portuguese;turkish;chinese,yes,cbb9016479fa95aca7c6ad58593fdf63093d7659,
code/classes/player.rpy,Phase 2,not started,3,6,30,portuguese,deutsch;italian;french;spanish;portuguese;turkish;chinese,yes,cbb9016479fa95aca7c6ad58593fdf63093d7659,
code/classes/player_controller.rpy,Phase 2,not started,2,3,15,deutsch,deutsch;italian;french;spanish;portuguese;turkish;chinese,yes,cbb9016479fa95aca7c6ad58593fdf63093d7659,
code/classes/quest_controller.rpy,Phase 2,not started,1,7,18,deutsch,deutsch;italian;french;spanish;portuguese;turkish;chinese,no,cbb9016479fa95aca7c6ad58593fdf63093d7659,
code/classes/renovation_controller.rpy,Phase 2,not started,3,18,82,deutsch,deutsch;italian;french;spanish;portuguese;turkish;chinese,yes,cbb9016479fa95aca7c6ad58593fdf63093d7659,
code/classes/th_controller.rpy,Phase 2,not started,2,2,9,deutsch,deutsch;italian;french;spanish;portuguese;turkish;chinese,yes,cbb9016479fa95aca7c6ad58593fdf63093d7659,
code/classes/vn_mode_controller.rpy,Phase 2,not started,2,2,4,portuguese,deutsch;italian;french;spanish;portuguese;turkish;chinese,yes,cbb9016479fa95aca7c6ad58593fdf63093d7659,
code/data/characters/characters.rpy,Phase 3,not started,1,65,67,french,deutsch;italian;french;spanish;portuguese;turkish,yes,cbb9016479fa95aca7c6ad58593fdf63093d7659,
code/data/characters/names.rpy,Phase 3,not started,1,92,104,chinese,deutsch;italian;french;spanish;portuguese;turkish;chinese,yes,cbb9016479fa95aca7c6ad58593fdf63093d7659,
code/data/chat/chat_am.rpy,Phase 3,not started,1,17,113,deutsch,deutsch;italian;french;spanish;portuguese;turkish;chinese,yes,cbb9016479fa95aca7c6ad58593fdf63093d7659,
code/data/chat/chat_arj.rpy,Phase 3,not started,1,14,91,deutsch,deutsch;italian;french;spanish;portuguese;turkish;chinese,no,cbb9016479fa95aca7c6ad58593fdf63093d7659,
code/data/chat/chat_bg.rpy,Phase 3,not started,2,3,21,deutsch,deutsch;italian;french;spanish;portuguese;turkish;chinese,yes,cbb9016479fa95aca7c6ad58593fdf63093d7659,
code/data/chat/chat_cw.rpy,Phase 3,not started,2,6,27,deutsch,deutsch;italian;french;spanish;portuguese;turkish;chinese,yes,cbb9016479fa95aca7c6ad58593fdf63093d7659,
code/data/chat/chat_dc.rpy,Phase 3,not started,4,13,121,spanish,deutsch;italian;french;spanish;portuguese;turkish;chinese,yes,cbb9016479fa95aca7c6ad58593fdf63093d7659,
code/data/chat/chat_dvh.rpy,Phase 3,not started,1,3,12,deutsch,deutsch;italian;french;spanish;portuguese;turkish;chinese,no,cbb9016479fa95aca7c6ad58593fdf63093d7659,
code/data/chat/chat_km.rpy,Phase 3,not started,1,7,28,deutsch,deutsch;italian;french;spanish;portuguese;turkish;chinese,no,cbb9016479fa95aca7c6ad58593fdf63093d7659,
code/data/chat/chat_kv.rpy,Phase 3,not started,2,15,78,deutsch,deutsch;italian;french;spanish;portuguese;turkish;chinese,yes,cbb9016479fa95aca7c6ad58593fdf63093d7659,
code/data/chat/chat_mes.rpy,Phase 3,not started,8,67,395,spanish,deutsch;italian;french;spanish;portuguese;turkish;chinese,yes,cbb9016479fa95aca7c6ad58593fdf63093d7659,
code/data/chat/chat_mh.rpy,Phase 3,not started,3,7,57,spanish,deutsch;italian;french;spanish;portuguese;turkish;chinese,yes,cbb9016479fa95aca7c6ad58593fdf63093d7659,
code/data/chat/chat_my.rpy,Phase 3,not started,2,13,134,deutsch,deutsch;italian;french;spanish;portuguese;turkish;chinese,yes,cbb9016479fa95aca7c6ad58593fdf63093d7659,
code/data/chat/chat_ns.rpy,Phase 3,not started,2,3,24,deutsch,deutsch;italian;french;spanish;portuguese;turkish;chinese,yes,cbb9016479fa95aca7c6ad58593fdf63093d7659,
code/data/chat/chat_tl.rpy,Phase 3,not started,2,19,131,portuguese,deutsch;italian;french;spanish;portuguese;turkish;chinese,yes,cbb9016479fa95aca7c6ad58593fdf63093d7659,
code/data/chat/chat_vs.rpy,Phase 3,not started,1,19,112,deutsch,deutsch;italian;french;spanish;portuguese;turkish;chinese,no,cbb9016479fa95aca7c6ad58593fdf63093d7659,
code/data/constants/constants.rpy,Phase 3,not started,5,50,57,italian,deutsch;italian;french;spanish;portuguese;turkish;chinese,yes,cbb9016479fa95aca7c6ad58593fdf63093d7659,
code/data/constants/location_constants.rpy,Phase 3,not started,4,58,103,spanish,deutsch;italian;french;spanish;portuguese;turkish;chinese,yes,cbb9016479fa95aca7c6ad58593fdf63093d7659,
code/data/constants/traits.rpy,Phase 3,not started,2,76,110,deutsch,deutsch;italian;french;spanish;portuguese;turkish;chinese,yes,cbb9016479fa95aca7c6ad58593fdf63093d7659,
code/data/gallery/achievements.rpy,Phase 3,not started,1,66,245,deutsch,deutsch;italian;french;spanish;portuguese;turkish;chinese,no,cbb9016479fa95aca7c6ad58593fdf63093d7659,
code/data/gallery/replay_gallery.rpy,Phase 3,not started,2,70,275,italian,deutsch;italian;french;spanish;portuguese;turkish;chinese,yes,cbb9016479fa95aca7c6ad58593fdf63093d7659,
code/data/gallery/sm_website.rpy,Phase 3,not started,2,20,58,deutsch,deutsch;italian;french;spanish;portuguese;turkish;chinese,yes,cbb9016479fa95aca7c6ad58593fdf63093d7659,
code/data/interaction_options/interaction_character_options.rpy,Phase 3,not started,2,123,501,italian,deutsch;italian;french;spanish;portuguese;turkish;chinese,yes,cbb9016479fa95aca7c6ad58593fdf63093d7659,
code/data/interaction_options/interaction_conditions.rpy,Phase 3,not started,1,1,7,deutsch,deutsch;italian;french;spanish;portuguese;turkish;chinese,no,cbb9016479fa95aca7c6ad58593fdf63093d7659,
code/data/interaction_options/interaction_location_options.rpy,Phase 3,not started,2,6,28,deutsch,deutsch;italian;french;spanish;portuguese;turkish;chinese,yes,cbb9016479fa95aca7c6ad58593fdf63093d7659,
code/data/interaction_options/interaction_object_options.rpy,Phase 3,not started,2,13,36,spanish,deutsch;italian;french;spanish;portuguese;turkish;chinese,yes,cbb9016479fa95aca7c6ad58593fdf63093d7659,
code/data/interaction_options/store_item_options.rpy,Phase 3,not started,1,4,7,deutsch,deutsch;italian;french;spanish;portuguese;turkish;chinese,no,cbb9016479fa95aca7c6ad58593fdf63093d7659,
code/data/quests/line_list_quests.rpy,Phase 3,not started,3,25,51,deutsch,deutsch;italian;french;spanish;portuguese;turkish;chinese,yes,cbb9016479fa95aca7c6ad58593fdf63093d7659,
code/data/quests/quests_it.rpy,Phase 3,not started,2,66,476,spanish,deutsch;italian;french;spanish;portuguese;turkish;chinese,yes,cbb9016479fa95aca7c6ad58593fdf63093d7659,
code/data/quests/quests_movies.rpy,Phase 3,not started,2,47,408,italian,deutsch;italian;french;spanish;portuguese;turkish;chinese,yes,cbb9016479fa95aca7c6ad58593fdf63093d7659,
code/data/quests/quests_neutral.rpy,Phase 3,not started,3,115,738,deutsch,deutsch;italian;french;spanish;portuguese;turkish;chinese,yes,cbb9016479fa95aca7c6ad58593fdf63093d7659,
code/data/quests/quests_theater.rpy,Phase 3,not started,4,59,369,italian,deutsch;italian;french;spanish;portuguese;turkish;chinese,yes,cbb9016479fa95aca7c6ad58593fdf63093d7659,
code/data/quests/vn_mode_conditions.rpy,Phase 3,not started,2,5,26,spanish,deutsch;italian;french;spanish;portuguese;turkish;chinese,yes,cbb9016479fa95aca7c6ad58593fdf63093d7659,
code/data/quests/vn_mode_data.rpy,Phase 3,not started,5,202,837,turkish,deutsch;italian;french;spanish;portuguese;turkish;chinese,yes,cbb9016479fa95aca7c6ad58593fdf63093d7659,
code/data/quick_interactions/GR_Bar/q-inter-rd.rpy,Phase 3,not started,14,14,63,deutsch,deutsch;italian;french;spanish;portuguese;turkish;chinese,no,cbb9016479fa95aca7c6ad58593fdf63093d7659,
code/data/quick_interactions/IT_office/q-inter-ag.rpy,Phase 3,not started,51,51,348,deutsch,deutsch;italian;french;spanish;portuguese;turkish;chinese,no,cbb9016479fa95aca7c6ad58593fdf63093d7659,
code/data/quick_interactions/IT_office/q-inter-am.rpy,Phase 3,not started,137,137,732,deutsch,deutsch;italian;french;spanish;portuguese;turkish;chinese,no,cbb9016479fa95aca7c6ad58593fdf63093d7659,
code/data/quick_interactions/IT_office/q-inter-cw.rpy,Phase 3,not started,49,49,360,deutsch,deutsch;italian;french;spanish;portuguese;turkish;chinese,no,cbb9016479fa95aca7c6ad58593fdf63093d7659,
code/data/quick_interactions/IT_office/q-inter-en.rpy,Phase 3,not started,20,20,83,deutsch,deutsch;italian;french;spanish;portuguese;turkish;chinese,no,cbb9016479fa95aca7c6ad58593fdf63093d7659,
code/data/quick_interactions/IT_office/q-inter-jh.rpy,Phase 3,not started,22,22,125,deutsch,deutsch;italian;french;spanish;portuguese;turkish;chinese,no,cbb9016479fa95aca7c6ad58593fdf63093d7659,
code/data/quick_interactions/IT_office/q-inter-lm.rpy,Phase 3,not started,17,17,140,deutsch,deutsch;italian;french;spanish;portuguese;turkish;chinese,no,cbb9016479fa95aca7c6ad58593fdf63093d7659,
code/data/quick_interactions/IT_office/q-inter-mj.rpy,Phase 3,not started,16,16,110,deutsch,deutsch;italian;french;spanish;portuguese;turkish;chinese,no,cbb9016479fa95aca7c6ad58593fdf63093d7659,
code/data/quick_interactions/IT_office/q-inter-ns.rpy,Phase 3,not started,206,206,1452,deutsch,deutsch;italian;french;spanish;portuguese;turkish;chinese,no,cbb9016479fa95aca7c6ad58593fdf63093d7659,
code/data/quick_interactions/IT_office/q-inter-pm.rpy,Phase 3,not started,19,19,131,deutsch,deutsch;italian;french;spanish;portuguese;turkish;chinese,no,cbb9016479fa95aca7c6ad58593fdf63093d7659,
code/data/quick_interactions/IT_office/q-inter-sr.rpy,Phase 3,not started,19,19,139,deutsch,deutsch;italian;french;spanish;portuguese;turkish;chinese,no,cbb9016479fa95aca7c6ad58593fdf63093d7659,
code/data/quick_interactions/Neutral/q-inter-dc.rpy,Phase 3,not started,48,48,288,deutsch,deutsch;italian;french;spanish;portuguese;turkish;chinese,no,cbb9016479fa95aca7c6ad58593fdf63093d7659,
code/data/quick_interactions/Neutral/q-inter-mes.rpy,Phase 3,not started,67,67,365,deutsch,deutsch;italian;french;spanish;portuguese;turkish;chinese,no,cbb9016479fa95aca7c6ad58593fdf63093d7659,
code/data/quick_interactions/Neutral/q-inter-my.rpy,Phase 3,not started,71,71,408,deutsch,deutsch;italian;french;spanish;portuguese;turkish;chinese,no,cbb9016479fa95aca7c6ad58593fdf63093d7659,
code/data/quick_interactions/Neutral/q-inter-sy.rpy,Phase 3,not started,119,119,829,deutsch,deutsch;italian;french;spanish;portuguese;turkish;chinese,no,cbb9016479fa95aca7c6ad58593fdf63093d7659,
code/data/quick_interactions/Photo_dojo/q-inter-bg.rpy,Phase 3,not started,39,39,185,deutsch,deutsch;italian;french;spanish;portuguese;turkish;chinese,no,cbb9016479fa95aca7c6ad58593fdf63093d7659,
code/data/quick_interactions/Photo_dojo/q-inter-kv.rpy,Phase 3,not started,32,32,238,deutsch,deutsch;italian;french;spanish;portuguese;turkish;chinese,no,cbb9016479fa95aca7c6ad58593fdf63093d7659,
code/data/quick_interactions/Starducks/q-inter-cs.rpy,Phase 3,not started,20,20,153,deutsch,deutsch;italian;french;spanish;portuguese;turkish;chinese,no,cbb9016479fa95aca7c6ad58593fdf63093d7659,
code/data/quick_interactions/Theater/background_chars/q-inter-ec.rpy,Phase 3,not started,33,33,202,deutsch,deutsch;italian;french;spanish;portuguese;turkish;chinese,no,cbb9016479fa95aca7c6ad58593fdf63093d7659,
code/data/quick_interactions/Theater/background_chars/q-inter-kw.rpy,Phase 3,not started,29,29,297,deutsch,deutsch;italian;french;spanish;portuguese;turkish;chinese,no,cbb9016479fa95aca7c6ad58593fdf63093d7659,
code/data/quick_interactions/Theater/background_chars/q-inter-sb.rpy,Phase 3,not started,15,15,56,deutsch,deutsch;italian;french;spanish;portuguese;turkish;chinese,no,cbb9016479fa95aca7c6ad58593fdf63093d7659,
code/data/quick_interactions/Theater/background_chars/q-inter-sj.rpy,Phase 3,not started,28,28,395,deutsch,deutsch;italian;french;spanish;portuguese;turkish;chinese,no,cbb9016479fa95aca7c6ad58593fdf63093d7659,
code/data/quick_interactions/Theater/q-inter-dvh.rpy,Phase 3,not started,19,19,94,deutsch,deutsch;italian;french;spanish;portuguese;turkish;chinese,no,cbb9016479fa95aca7c6ad58593fdf63093d7659,
code/data/quick_interactions/Theater/q-inter-km.rpy,Phase 3,not started,35,35,263,deutsch,deutsch;italian;french;spanish;portuguese;turkish;chinese,no,cbb9016479fa95aca7c6ad58593fdf63093d7659,
code/data/quick_interactions/Theater/q-inter-tl.rpy,Phase 3,not started,117,117,764,deutsch,deutsch;italian;french;spanish;portuguese;turkish;chinese,no,cbb9016479fa95aca7c6ad58593fdf63093d7659,
code/data/quick_interactions/Theater/q-inter-vs.rpy,Phase 3,not started,51,51,432,deutsch,deutsch;italian;french;spanish;portuguese;turkish;chinese,no,cbb9016479fa95aca7c6ad58593fdf63093d7659,
code/data/quick_interactions/l71_shop/q-inter-ic.rpy,Phase 3,not started,17,17,101,deutsch,deutsch;italian;french;spanish;portuguese;turkish;chinese,no,cbb9016479fa95aca7c6ad58593fdf63093d7659,
code/data/quick_interactions/wurst_delivery/q-inter-ms.rpy,Phase 3,not started,142,142,904,deutsch,deutsch;italian;french;spanish;portuguese;turkish;chinese,no,cbb9016479fa95aca7c6ad58593fdf63093d7659,
code/data/quick_interactions/wurst_delivery/q-inter-nr.rpy,Phase 3,not started,33,33,256,deutsch,deutsch;italian;french;spanish;portuguese;turkish;chinese,no,cbb9016479fa95aca7c6ad58593fdf63093d7659,
code/data/renpy/defaults.rpy,Phase 3,not started,1,1,1,italian,italian,no,cbb9016479fa95aca7c6ad58593fdf63093d7659,
code/debug/storyline_config.rpy,Phase 2,not started,1,1,1,deutsch,deutsch;spanish;portuguese;turkish,no,cbb9016479fa95aca7c6ad58593fdf63093d7659,
code/functions/functions.rpy,Phase 2,not started,1,3,3,deutsch,deutsch;italian;french;spanish;portuguese;turkish,no,cbb9016479fa95aca7c6ad58593fdf63093d7659,
code/functions/init.rpy,Phase 2,not started,1,1,1,french,french,no,cbb9016479fa95aca7c6ad58593fdf63093d7659,
code/functions/release_1.rpy,Phase 2,not started,1,1,6,french,french,no,cbb9016479fa95aca7c6ad58593fdf63093d7659,
code/hints.rpy,Phase 2,not started,1,136,850,deutsch,deutsch;italian;french;spanish;portuguese;turkish;chinese,no,cbb9016479fa95aca7c6ad58593fdf63093d7659,
code/live_chat/live_chat.rpy,Phase 3,not started,1,4,26,deutsch,deutsch;italian;french;spanish;portuguese;turkish;chinese,no,cbb9016479fa95aca7c6ad58593fdf63093d7659,
code/live_chat/live_chat_auth.rpy,Phase 3,not started,1,12,90,deutsch,deutsch;italian;french;spanish;portuguese;turkish;chinese,no,cbb9016479fa95aca7c6ad58593fdf63093d7659,
code/live_chat/live_chat_helpers.rpy,Phase 3,not started,1,2,8,deutsch,deutsch;italian;french;spanish;portuguese;turkish;chinese,no,cbb9016479fa95aca7c6ad58593fdf63093d7659,
code/live_chat/live_chat_storage.rpy,Phase 3,not started,1,3,10,deutsch,deutsch;italian;french;spanish;portuguese;turkish;chinese,no,cbb9016479fa95aca7c6ad58593fdf63093d7659,
code/live_chat/live_chat_ui.rpy,Phase 3,not started,2,27,115,spanish,deutsch;italian;french;spanish;portuguese;turkish;chinese,yes,cbb9016479fa95aca7c6ad58593fdf63093d7659,
code/minigames/nonogram/nonogram_game.rpy,Phase 3,not started,1,5,22,deutsch,deutsch;italian;french;spanish;portuguese;turkish;chinese,no,cbb9016479fa95aca7c6ad58593fdf63093d7659,
code/minigames/nonogram/nonogram_tutorial.rpy,Phase 3,not started,1,5,403,deutsch,deutsch;italian;french;spanish;portuguese;turkish;chinese,no,cbb9016479fa95aca7c6ad58593fdf63093d7659,
code/minigames/simon_says/simon_says.rpy,Phase 3,not started,1,1,1,french,french,no,cbb9016479fa95aca7c6ad58593fdf63093d7659,
code/minigames/simon_says/simon_says_game.rpy,Phase 3,not started,3,7,20,deutsch,deutsch;italian;french;spanish;portuguese;turkish;chinese,yes,cbb9016479fa95aca7c6ad58593fdf63093d7659,
code/minigames/wurst_delivery/wurst_delivery_class.rpy,Phase 3,not started,2,2,9,deutsch,deutsch;italian;french;spanish;portuguese;turkish;chinese,yes,cbb9016479fa95aca7c6ad58593fdf63093d7659,
code/minigames/wurst_delivery/wurst_delivery_game.rpy,Phase 3,not started,1,1,3,deutsch,deutsch;italian;french;spanish;portuguese;turkish;chinese,no,cbb9016479fa95aca7c6ad58593fdf63093d7659,
code/minigames/wurst_delivery/wurst_delivery_labels.rpy,Phase 3,not started,2,2,12,deutsch,deutsch;italian;french;spanish;portuguese;turkish;chinese,no,cbb9016479fa95aca7c6ad58593fdf63093d7659,
code/renpy/config/options.rpy,Phase 2,not started,2,2,6,deutsch,deutsch;italian;french;spanish;portuguese;turkish;chinese,yes,cbb9016479fa95aca7c6ad58593fdf63093d7659,
code/renpy/labels/actions.rpy,Phase 2,not started,1,30,136,deutsch,deutsch;italian;french;spanish;portuguese;turkish;chinese,no,cbb9016479fa95aca7c6ad58593fdf63093d7659,
code/renpy/labels/labels.rpy,Phase 2,not started,2,2,3,deutsch,deutsch;italian;french;spanish;portuguese;turkish;chinese,no,cbb9016479fa95aca7c6ad58593fdf63093d7659,
code/renpy/labels/vn_mode.rpy,Phase 2,not started,2,2,25,spanish,spanish,no,cbb9016479fa95aca7c6ad58593fdf63093d7659,
code/renpy/screens/character.rpy,Phase 2,not started,2,5,6,deutsch,deutsch;italian;french;spanish;portuguese;turkish;chinese,yes,cbb9016479fa95aca7c6ad58593fdf63093d7659,
code/renpy/screens/difficulity.rpy,Phase 2,not started,3,14,58,spanish,deutsch;italian;french;spanish;portuguese;turkish;chinese,yes,cbb9016479fa95aca7c6ad58593fdf63093d7659,
code/renpy/screens/faction_it.rpy,Phase 2,not started,2,8,19,deutsch,deutsch;italian;french;spanish;portuguese;turkish;chinese,yes,cbb9016479fa95aca7c6ad58593fdf63093d7659,
code/renpy/screens/faction_th.rpy,Phase 2,not started,2,6,15,deutsch,deutsch;italian;french;spanish;portuguese;turkish;chinese,yes,cbb9016479fa95aca7c6ad58593fdf63093d7659,
code/renpy/screens/gallery.rpy,Phase 2,not started,1,12,16,deutsch,deutsch;italian;french;spanish;portuguese;turkish;chinese,yes,cbb9016479fa95aca7c6ad58593fdf63093d7659,
code/renpy/screens/game_menus.rpy,Phase 2,not started,1,16,21,french,deutsch;italian;french;spanish;portuguese;turkish;chinese,yes,cbb9016479fa95aca7c6ad58593fdf63093d7659,
code/renpy/screens/info.rpy,Phase 2,not started,2,12,78,deutsch,deutsch;italian;french;spanish;portuguese;turkish;chinese,yes,cbb9016479fa95aca7c6ad58593fdf63093d7659,
code/renpy/screens/interaction.rpy,Phase 2,not started,1,1,1,deutsch,deutsch;italian;french;spanish;portuguese;turkish;chinese,no,cbb9016479fa95aca7c6ad58593fdf63093d7659,
code/renpy/screens/language.rpy,Phase 2,not started,1,1,2,deutsch,deutsch;italian;french;spanish;portuguese;turkish;chinese,no,cbb9016479fa95aca7c6ad58593fdf63093d7659,
code/renpy/screens/lovense.rpy,Phase 2,not started,1,14,85,deutsch,deutsch;italian;french;spanish;portuguese;turkish;chinese,no,cbb9016479fa95aca7c6ad58593fdf63093d7659,
code/renpy/screens/map.rpy,Phase 2,not started,1,1,2,deutsch,deutsch;italian;french;spanish;portuguese;turkish;chinese,no,cbb9016479fa95aca7c6ad58593fdf63093d7659,
code/renpy/screens/money_statement.rpy,Phase 2,not started,1,4,5,deutsch,deutsch;italian;french;spanish;portuguese;turkish;chinese,no,cbb9016479fa95aca7c6ad58593fdf63093d7659,
code/renpy/screens/movie_progress.rpy,Phase 2,not started,1,6,11,french,deutsch;french,yes,cbb9016479fa95aca7c6ad58593fdf63093d7659,
code/renpy/screens/music_player.rpy,Phase 2,not started,1,3,7,deutsch,deutsch;italian;french;spanish;portuguese;turkish;chinese,no,cbb9016479fa95aca7c6ad58593fdf63093d7659,
code/renpy/screens/neutral_characters.rpy,Phase 2,not started,1,1,2,deutsch,deutsch;italian;french;spanish;portuguese;turkish;chinese,no,cbb9016479fa95aca7c6ad58593fdf63093d7659,
code/renpy/screens/others.rpy,Phase 2,not started,1,19,139,french,deutsch;italian;french;spanish;portuguese;turkish;chinese,yes,cbb9016479fa95aca7c6ad58593fdf63093d7659,
code/renpy/screens/phone.rpy,Phase 2,not started,1,12,18,deutsch,deutsch;italian;french;spanish;portuguese;turkish;chinese,no,cbb9016479fa95aca7c6ad58593fdf63093d7659,
code/renpy/screens/pirates_movie.rpy,Phase 2,not started,1,8,15,french,deutsch;italian;french;spanish;portuguese;turkish;chinese,yes,cbb9016479fa95aca7c6ad58593fdf63093d7659,
code/renpy/screens/quests.rpy,Phase 2,not started,1,6,14,deutsch,deutsch;italian;french;spanish;portuguese;turkish;chinese,no,cbb9016479fa95aca7c6ad58593fdf63093d7659,
code/renpy/screens/renovation.rpy,Phase 2,not started,2,6,9,deutsch,deutsch;italian;french;spanish;portuguese;turkish;chinese,yes,cbb9016479fa95aca7c6ad58593fdf63093d7659,
code/renpy/screens/sandbox.rpy,Phase 2,not started,1,3,6,deutsch,deutsch;italian;french;spanish;portuguese;turkish;chinese,no,cbb9016479fa95aca7c6ad58593fdf63093d7659,
code/renpy/screens/save.rpy,Phase 2,not started,1,12,69,spanish,deutsch;italian;french;spanish;portuguese;turkish;chinese,yes,cbb9016479fa95aca7c6ad58593fdf63093d7659,
code/renpy/screens/scifi_movie.rpy,Phase 2,not started,1,1,2,deutsch,deutsch;italian;french;spanish;portuguese;turkish;chinese,no,cbb9016479fa95aca7c6ad58593fdf63093d7659,
code/renpy/screens/screens.rpy,Phase 2,not started,1,137,350,french,deutsch;italian;french;spanish;portuguese;turkish;chinese,yes,cbb9016479fa95aca7c6ad58593fdf63093d7659,
code/renpy/screens/sm_website.rpy,Phase 2,not started,2,13,16,deutsch,deutsch;italian;french;spanish;portuguese;turkish;chinese,yes,cbb9016479fa95aca7c6ad58593fdf63093d7659,
code/renpy/screens/studio_laptop.rpy,Phase 2,not started,1,1,3,deutsch,deutsch;italian;french;spanish;portuguese;turkish;chinese,no,cbb9016479fa95aca7c6ad58593fdf63093d7659,
code/renpy/screens/topics.rpy,Phase 2,not started,1,1,1,deutsch,deutsch;italian;french;spanish;portuguese;turkish;chinese,no,cbb9016479fa95aca7c6ad58593fdf63093d7659,
code/renpy/screens/ui.rpy,Phase 2,not started,1,4,7,deutsch,deutsch;italian;french;spanish;portuguese;turkish;chinese,no,cbb9016479fa95aca7c6ad58593fdf63093d7659,
code/renpy/screens/vn_mode.rpy,Phase 2,not started,3,3,12,spanish,deutsch;italian;french;spanish;portuguese;turkish;chinese,yes,cbb9016479fa95aca7c6ad58593fdf63093d7659,
code/renpy/screens/wait.rpy,Phase 2,not started,1,4,10,deutsch,deutsch;italian;french;spanish;portuguese;turkish;chinese,no,cbb9016479fa95aca7c6ad58593fdf63093d7659,
code/scenes/character_scenes/arj/sm1cs-arj001.rpy,Phase 5,not started,114,114,993,deutsch,deutsch;italian;french;spanish;portuguese;turkish;chinese,no,cbb9016479fa95aca7c6ad58593fdf63093d7659,
code/scenes/character_scenes/arj/sm1cs-arj001i.rpy,Phase 5,not started,18,18,69,deutsch,deutsch;italian;french;spanish;portuguese;turkish;chinese,no,cbb9016479fa95aca7c6ad58593fdf63093d7659,
code/scenes/character_scenes/arj/sm1cs-arj002.rpy,Phase 5,not started,334,341,2320,deutsch,deutsch;italian;french;spanish;portuguese;turkish;chinese,no,cbb9016479fa95aca7c6ad58593fdf63093d7659,
code/scenes/character_scenes/arj/sm1cs-arj002i.rpy,Phase 5,not started,9,9,94,deutsch,deutsch;italian;french;spanish;portuguese;turkish;chinese,no,cbb9016479fa95aca7c6ad58593fdf63093d7659,
code/scenes/character_scenes/arj/sm1cs-arj003.rpy,Phase 5,not started,174,178,1526,french,deutsch;italian;french;spanish;portuguese;turkish;chinese,yes,cbb9016479fa95aca7c6ad58593fdf63093d7659,
code/scenes/character_scenes/bg/sm1cs-bg001.rpy,Phase 5,not started,185,186,1849,deutsch,deutsch;italian;french;spanish;portuguese;turkish;chinese,no,cbb9016479fa95aca7c6ad58593fdf63093d7659,
code/scenes/character_scenes/bg/sm1cs-bg002.rpy,Phase 5,not started,263,264,1763,deutsch,deutsch;italian;french;spanish;portuguese;turkish;chinese,no,cbb9016479fa95aca7c6ad58593fdf63093d7659,
code/scenes/character_scenes/bg/sm1cs-bg002i.rpy,Phase 5,not started,5,5,41,deutsch,deutsch;italian;french;spanish;portuguese;turkish;chinese,no,cbb9016479fa95aca7c6ad58593fdf63093d7659,
code/scenes/character_scenes/bg/sm1cs-bg003.rpy,Phase 5,not started,324,330,2147,french,deutsch;italian;french;spanish;portuguese;turkish;chinese,yes,cbb9016479fa95aca7c6ad58593fdf63093d7659,
code/scenes/character_scenes/bg/sm1cs-bg003i.rpy,Phase 5,not started,8,8,23,deutsch,deutsch;italian;french;spanish;portuguese;turkish;chinese,no,cbb9016479fa95aca7c6ad58593fdf63093d7659,
code/scenes/character_scenes/bg/sm1cs-bg004.rpy,Phase 5,not started,262,262,1522,deutsch,deutsch;italian;french;spanish;portuguese;turkish;chinese,no,cbb9016479fa95aca7c6ad58593fdf63093d7659,
code/scenes/character_scenes/bg/sm1cs-bg005.rpy,Phase 5,not started,204,210,1401,spanish,deutsch;italian;french;spanish;portuguese;turkish;chinese,no,cbb9016479fa95aca7c6ad58593fdf63093d7659,
code/scenes/character_scenes/bg/sm1cs-bg005i.rpy,Phase 5,not started,11,11,50,deutsch,deutsch;italian;french;spanish;portuguese;turkish;chinese,no,cbb9016479fa95aca7c6ad58593fdf63093d7659,
code/scenes/character_scenes/cs/sm1cs-cs001.rpy,Phase 5,not started,34,34,246,deutsch,deutsch;italian;french;spanish;portuguese;turkish;chinese,no,cbb9016479fa95aca7c6ad58593fdf63093d7659,
code/scenes/character_scenes/dc/sm1cs-dc-renovation.rpy,Phase 5,not started,102,102,951,deutsch,deutsch;italian;french;spanish;portuguese;turkish;chinese,no,cbb9016479fa95aca7c6ad58593fdf63093d7659,
code/scenes/character_scenes/dc/sm1cs-dc-renovation_i.rpy,Phase 5,not started,14,14,97,deutsch,deutsch;italian;french;spanish;portuguese;turkish;chinese,no,cbb9016479fa95aca7c6ad58593fdf63093d7659,
code/scenes/character_scenes/dc/sm1cs-dc001i.rpy,Phase 5,not started,8,8,63,deutsch,deutsch;italian;french;spanish;portuguese;turkish;chinese,no,cbb9016479fa95aca7c6ad58593fdf63093d7659,
code/scenes/character_scenes/dc/sm1cs-dc002.rpy,Phase 5,not started,86,89,779,deutsch,deutsch;italian;french;spanish;portuguese;turkish;chinese,no,cbb9016479fa95aca7c6ad58593fdf63093d7659,
code/scenes/character_scenes/dc/sm1cs-dc003.rpy,Phase 5,not started,107,108,975,deutsch,deutsch;italian;french;spanish;portuguese;turkish;chinese,no,cbb9016479fa95aca7c6ad58593fdf63093d7659,
code/scenes/character_scenes/dc/sm1cs-dc003i.rpy,Phase 5,not started,10,10,74,deutsch,deutsch;italian;french;spanish;portuguese;turkish;chinese,no,cbb9016479fa95aca7c6ad58593fdf63093d7659,
code/scenes/character_scenes/dc/sm1cs-dc004.rpy,Phase 5,not started,14,14,138,deutsch,deutsch;italian;french;spanish;portuguese;turkish;chinese,no,cbb9016479fa95aca7c6ad58593fdf63093d7659,
code/scenes/character_scenes/dc/sm1cs-dc004i.rpy,Phase 5,not started,3,3,7,deutsch,deutsch;italian;french;spanish;portuguese;turkish;chinese,no,cbb9016479fa95aca7c6ad58593fdf63093d7659,
code/scenes/character_scenes/dc/sm1cs-dc005i.rpy,Phase 5,not started,9,9,44,deutsch,deutsch;italian;french;spanish;portuguese;turkish;chinese,no,cbb9016479fa95aca7c6ad58593fdf63093d7659,
code/scenes/character_scenes/dc/sm1cs-dc006.rpy,Phase 5,not started,158,160,1335,portuguese,deutsch;italian;french;spanish;portuguese;turkish;chinese,yes,cbb9016479fa95aca7c6ad58593fdf63093d7659,
code/scenes/character_scenes/dc/sm1cs-dc006i.rpy,Phase 5,not started,21,21,125,deutsch,deutsch;italian;french;spanish;portuguese;turkish;chinese,no,cbb9016479fa95aca7c6ad58593fdf63093d7659,
code/scenes/character_scenes/dc/sm1cs-dc007.rpy,Phase 5,not started,134,135,1107,deutsch,deutsch;italian;french;spanish;portuguese;turkish;chinese,no,cbb9016479fa95aca7c6ad58593fdf63093d7659,
code/scenes/character_scenes/dc/sm1cs-dc008.rpy,Phase 5,not started,174,174,1135,french,deutsch;italian;french;spanish;portuguese;turkish;chinese,yes,cbb9016479fa95aca7c6ad58593fdf63093d7659,
code/scenes/character_scenes/dc/sm1cs-dc009.rpy,Phase 5,not started,285,285,2121,deutsch,deutsch;italian;french;spanish;portuguese;turkish;chinese,no,cbb9016479fa95aca7c6ad58593fdf63093d7659,
code/scenes/character_scenes/dc/sm1cs-dc009i.rpy,Phase 5,not started,19,19,109,deutsch,deutsch;italian;french;spanish;portuguese;turkish;chinese,no,cbb9016479fa95aca7c6ad58593fdf63093d7659,
code/scenes/character_scenes/dc/sm1cs-dc010.rpy,Phase 5,not started,409,410,2222,deutsch,deutsch;italian;french;spanish;portuguese;turkish;chinese,no,cbb9016479fa95aca7c6ad58593fdf63093d7659,
code/scenes/character_scenes/dc/sm1cs-dc010i.rpy,Phase 5,not started,15,15,92,deutsch,deutsch;italian;french;spanish;portuguese;turkish;chinese,no,cbb9016479fa95aca7c6ad58593fdf63093d7659,
code/scenes/character_scenes/kv/sm1cs-kv-renovation.rpy,Phase 5,not started,70,70,638,deutsch,deutsch;italian;french;spanish;portuguese;turkish;chinese,no,cbb9016479fa95aca7c6ad58593fdf63093d7659,
code/scenes/character_scenes/kv/sm1cs-kv000i.rpy,Phase 5,not started,16,16,141,deutsch,deutsch;italian;french;spanish;portuguese;turkish;chinese,no,cbb9016479fa95aca7c6ad58593fdf63093d7659,
code/scenes/character_scenes/kv/sm1cs-kv001.rpy,Phase 5,not started,84,88,781,french,deutsch;italian;french;spanish;portuguese;turkish;chinese,yes,cbb9016479fa95aca7c6ad58593fdf63093d7659,
code/scenes/character_scenes/kv/sm1cs-kv002.rpy,Phase 5,not started,93,96,736,chinese,deutsch;italian;french;spanish;portuguese;turkish;chinese,yes,cbb9016479fa95aca7c6ad58593fdf63093d7659,
code/scenes/character_scenes/kv/sm1cs-kv003.rpy,Phase 5,not started,166,166,1269,deutsch,deutsch;italian;french;spanish;portuguese;turkish;chinese,no,cbb9016479fa95aca7c6ad58593fdf63093d7659,
code/scenes/character_scenes/kv/sm1cs-kv004.rpy,Phase 5,not started,199,202,1746,french,deutsch;italian;french;spanish;portuguese;turkish;chinese,no,cbb9016479fa95aca7c6ad58593fdf63093d7659,
code/scenes/character_scenes/kv/sm1cs-kv004_1i.rpy,Phase 5,not started,16,16,104,deutsch,deutsch;italian;french;spanish;portuguese;turkish;chinese,no,cbb9016479fa95aca7c6ad58593fdf63093d7659,
code/scenes/character_scenes/kv/sm1cs-kv005.rpy,Phase 5,not started,210,210,1905,deutsch,deutsch;italian;french;spanish;portuguese;turkish;chinese,no,cbb9016479fa95aca7c6ad58593fdf63093d7659,
code/scenes/character_scenes/mas/sm1cs-mas001.rpy,Phase 5,not started,37,38,260,deutsch,deutsch;italian;french;spanish;portuguese;turkish;chinese,no,cbb9016479fa95aca7c6ad58593fdf63093d7659,
code/scenes/character_scenes/mas/sm1cs-mas002.rpy,Phase 5,not started,75,75,476,deutsch,deutsch;italian;french;spanish;portuguese;turkish;chinese,no,cbb9016479fa95aca7c6ad58593fdf63093d7659,
code/scenes/character_scenes/mas/sm1cs-mas003.rpy,Phase 5,not started,283,290,1690,spanish,deutsch;italian;french;spanish;portuguese;turkish;chinese,yes,cbb9016479fa95aca7c6ad58593fdf63093d7659,
code/scenes/character_scenes/mas/sm1cs-mas004.rpy,Phase 5,not started,252,260,1715,french,deutsch;italian;french;spanish;portuguese;turkish;chinese,no,cbb9016479fa95aca7c6ad58593fdf63093d7659,
code/scenes/character_scenes/mas/sm1cs-mas004i.rpy,Phase 5,not started,5,5,18,deutsch,deutsch;italian;french;spanish;portuguese;turkish;chinese,no,cbb9016479fa95aca7c6ad58593fdf63093d7659,
code/scenes/character_scenes/mes/sm1cs-mes-r1.rpy,Phase 5,not started,286,298,2068,french,deutsch;italian;french;spanish;portuguese;turkish;chinese,yes,cbb9016479fa95aca7c6ad58593fdf63093d7659,
code/scenes/character_scenes/mes/sm1cs-mes-r1i.rpy,Phase 5,not started,2,2,10,deutsch,deutsch;italian;french;spanish;portuguese;turkish;chinese,no,cbb9016479fa95aca7c6ad58593fdf63093d7659,
code/scenes/character_scenes/mes/sm1cs-mes001.rpy,Phase 5,not started,175,175,2385,french,deutsch;italian;french;spanish;portuguese;turkish;chinese,no,cbb9016479fa95aca7c6ad58593fdf63093d7659,
code/scenes/character_scenes/mes/sm1cs-mes002i.rpy,Phase 5,not started,33,33,289,french,deutsch;italian;french;spanish;portuguese;turkish;chinese,no,cbb9016479fa95aca7c6ad58593fdf63093d7659,
code/scenes/character_scenes/mes/sm1cs-mes003.rpy,Phase 5,not started,287,293,1827,french,deutsch;italian;french;spanish;portuguese;turkish;chinese,no,cbb9016479fa95aca7c6ad58593fdf63093d7659,
code/scenes/character_scenes/mes/sm1cs-mes004.rpy,Phase 5,not started,170,179,1099,deutsch,deutsch;italian;french;spanish;portuguese;turkish;chinese,yes,cbb9016479fa95aca7c6ad58593fdf63093d7659,
code/scenes/character_scenes/mes/sm1cs-mes005.rpy,Phase 5,not started,214,216,1617,deutsch,deutsch;italian;french;spanish;portuguese;turkish;chinese,no,cbb9016479fa95aca7c6ad58593fdf63093d7659,
code/scenes/character_scenes/mes/sm1cs-mes006.rpy,Phase 5,not started,599,614,3733,spanish,deutsch;italian;french;spanish;portuguese;turkish;chinese,yes,cbb9016479fa95aca7c6ad58593fdf63093d7659,
code/scenes/character_scenes/mes/sm1cs-mes007.rpy,Phase 5,not started,203,217,1170,spanish,deutsch;italian;french;spanish;portuguese;turkish;chinese,yes,cbb9016479fa95aca7c6ad58593fdf63093d7659,
code/scenes/character_scenes/mh/sm1cs-mh001i.rpy,Phase 5,not started,18,18,150,deutsch,deutsch;italian;french;spanish;portuguese;turkish;chinese,no,cbb9016479fa95aca7c6ad58593fdf63093d7659,
code/scenes/character_scenes/mh/sm1cs-mh002-00i.rpy,Phase 5,not started,4,4,20,deutsch,deutsch;italian;french;spanish;portuguese;turkish;chinese,no,cbb9016479fa95aca7c6ad58593fdf63093d7659,
code/scenes/character_scenes/mh/sm1cs-mh002.rpy,Phase 5,not started,66,66,724,deutsch,deutsch;italian;french;spanish;portuguese;turkish;chinese,no,cbb9016479fa95aca7c6ad58593fdf63093d7659,
code/scenes/character_scenes/mh/sm1cs-mh003.rpy,Phase 5,not started,138,141,1324,deutsch,deutsch;italian;french;spanish;portuguese;turkish;chinese,no,cbb9016479fa95aca7c6ad58593fdf63093d7659,
code/scenes/character_scenes/mh/sm1cs-mh003_01i.rpy,Phase 5,not started,24,24,237,deutsch,deutsch;italian;french;spanish;portuguese;turkish;chinese,no,cbb9016479fa95aca7c6ad58593fdf63093d7659,
code/scenes/character_scenes/mh/sm1cs-mh003i.rpy,Phase 5,not started,3,3,23,deutsch,deutsch;italian;french;spanish;portuguese;turkish;chinese,no,cbb9016479fa95aca7c6ad58593fdf63093d7659,
code/scenes/character_scenes/mh/sm1cs-mh004.rpy,Phase 5,not started,91,91,714,deutsch,deutsch;italian;french;spanish;portuguese;turkish;chinese,no,cbb9016479fa95aca7c6ad58593fdf63093d7659,
code/scenes/character_scenes/mh/sm1cs-mh004_01i.rpy,Phase 5,not started,20,20,155,deutsch,deutsch;italian;french;spanish;portuguese;turkish;chinese,no,cbb9016479fa95aca7c6ad58593fdf63093d7659,
code/scenes/character_scenes/mh/sm1cs-mh004i.rpy,Phase 5,not started,13,13,92,deutsch,deutsch;italian;french;spanish;portuguese;turkish;chinese,no,cbb9016479fa95aca7c6ad58593fdf63093d7659,
code/scenes/character_scenes/mh/sm1cs-mh005.rpy,Phase 5,not started,159,162,1251,deutsch,deutsch;italian;french;spanish;portuguese;turkish;chinese,no,cbb9016479fa95aca7c6ad58593fdf63093d7659,
code/scenes/character_scenes/mh/sm1cs-mh005i.rpy,Phase 5,not started,8,8,51,deutsch,deutsch;italian;french;spanish;portuguese;turkish;chinese,no,cbb9016479fa95aca7c6ad58593fdf63093d7659,
code/scenes/character_scenes/mh/sm1cs-mh006.rpy,Phase 5,not started,231,233,1898,french,deutsch;italian;french;spanish;portuguese;turkish;chinese,no,cbb9016479fa95aca7c6ad58593fdf63093d7659,
code/scenes/character_scenes/mh/sm1cs-mh006i.rpy,Phase 5,not started,8,8,37,deutsch,deutsch;italian;french;spanish;portuguese;turkish;chinese,no,cbb9016479fa95aca7c6ad58593fdf63093d7659,
code/scenes/character_scenes/mh/sm1cs-mh007.rpy,Phase 5,not started,239,241,1511,deutsch,deutsch;italian;french;spanish;portuguese;turkish;chinese,yes,cbb9016479fa95aca7c6ad58593fdf63093d7659,
code/scenes/character_scenes/mh/sm1cs-mh008.rpy,Phase 5,not started,391,392,3215,french,deutsch;italian;french;spanish;portuguese;turkish;chinese,no,cbb9016479fa95aca7c6ad58593fdf63093d7659,
code/scenes/character_scenes/mh/sm1cs-mh009.rpy,Phase 5,not started,402,406,3528,deutsch,deutsch;italian;french;spanish;portuguese;turkish;chinese,no,cbb9016479fa95aca7c6ad58593fdf63093d7659,
code/scenes/character_scenes/mh/sm1cs-mh010.rpy,Phase 5,not started,118,119,931,deutsch,deutsch;italian;french;spanish;portuguese;turkish;chinese,no,cbb9016479fa95aca7c6ad58593fdf63093d7659,
code/scenes/character_scenes/mh/sm1cs-mh010i.rpy,Phase 5,not started,22,22,105,deutsch,deutsch;italian;french;spanish;portuguese;turkish;chinese,no,cbb9016479fa95aca7c6ad58593fdf63093d7659,
code/scenes/character_scenes/my/sm1cs-my001.rpy,Phase 5,not started,225,226,2087,french,deutsch;italian;french;spanish;portuguese;turkish;chinese,no,cbb9016479fa95aca7c6ad58593fdf63093d7659,
code/scenes/character_scenes/my/sm1cs-my001i.rpy,Phase 5,not started,3,3,17,deutsch,deutsch;italian;french;spanish;portuguese;turkish;chinese,no,cbb9016479fa95aca7c6ad58593fdf63093d7659,
code/scenes/character_scenes/my/sm1cs-my002.rpy,Phase 5,not started,214,225,1809,french,deutsch;italian;french;spanish;portuguese;turkish;chinese,no,cbb9016479fa95aca7c6ad58593fdf63093d7659,
code/scenes/character_scenes/my/sm1cs-my002i.rpy,Phase 5,not started,6,6,48,deutsch,deutsch;italian;french;spanish;portuguese;turkish;chinese,no,cbb9016479fa95aca7c6ad58593fdf63093d7659,
code/scenes/character_scenes/my/sm1cs-my003.rpy,Phase 5,not started,273,274,1896,deutsch,deutsch;italian;french;spanish;portuguese;turkish;chinese,no,cbb9016479fa95aca7c6ad58593fdf63093d7659,
code/scenes/character_scenes/my/sm1cs-my003i.rpy,Phase 5,not started,5,5,44,deutsch,deutsch;italian;french;spanish;portuguese;turkish;chinese,no,cbb9016479fa95aca7c6ad58593fdf63093d7659,
code/scenes/character_scenes/my/sm1cs-my004.rpy,Phase 5,not started,291,295,2204,french,deutsch;italian;french;spanish;portuguese;turkish;chinese,yes,cbb9016479fa95aca7c6ad58593fdf63093d7659,
code/scenes/character_scenes/my/sm1cs-my004i.rpy,Phase 5,not started,7,7,34,deutsch,deutsch;italian;french;spanish;portuguese;turkish;chinese,no,cbb9016479fa95aca7c6ad58593fdf63093d7659,
code/scenes/character_scenes/my/sm1cs-my005.rpy,Phase 5,not started,220,222,1398,deutsch,deutsch;italian;french;spanish;portuguese;turkish;chinese,no,cbb9016479fa95aca7c6ad58593fdf63093d7659,
code/scenes/character_scenes/my/sm1cs-my005i.rpy,Phase 5,not started,8,8,47,deutsch,deutsch;italian;french;spanish;portuguese;turkish;chinese,no,cbb9016479fa95aca7c6ad58593fdf63093d7659,
code/scenes/character_scenes/my/sm1cs-my006.rpy,Phase 5,not started,395,396,2572,spanish,deutsch;italian;french;spanish;portuguese;turkish;chinese,no,cbb9016479fa95aca7c6ad58593fdf63093d7659,
code/scenes/character_scenes/nr/sm1cs-nr001i.rpy,Phase 5,not started,9,9,79,deutsch,deutsch;italian;french;spanish;portuguese;turkish;chinese,no,cbb9016479fa95aca7c6ad58593fdf63093d7659,
code/scenes/character_scenes/rd/sm1cs_rd001i.rpy,Phase 5,not started,3,3,20,deutsch,deutsch;italian;french;spanish;portuguese;turkish;chinese,no,cbb9016479fa95aca7c6ad58593fdf63093d7659,
code/scenes/character_scenes/sy/sm1cs-sy001.rpy,Phase 5,not started,125,129,967,deutsch,deutsch;italian;french;spanish;portuguese;turkish;chinese,no,cbb9016479fa95aca7c6ad58593fdf63093d7659,
code/scenes/character_scenes/sy/sm1cs-sy001i.rpy,Phase 5,not started,16,16,125,deutsch,deutsch;italian;french;spanish;portuguese;turkish;chinese,no,cbb9016479fa95aca7c6ad58593fdf63093d7659,
code/scenes/character_scenes/sy/sm1cs-sy002.rpy,Phase 5,not started,209,209,1811,deutsch,deutsch;italian;french;spanish;portuguese;turkish;chinese,no,cbb9016479fa95aca7c6ad58593fdf63093d7659,
code/scenes/character_scenes/sy/sm1cs-sy002i.rpy,Phase 5,not started,27,27,212,deutsch,deutsch;italian;french;spanish;portuguese;turkish;chinese,no,cbb9016479fa95aca7c6ad58593fdf63093d7659,
code/scenes/character_scenes/sy/sm1cs-sy003.rpy,Phase 5,not started,163,163,1152,deutsch,deutsch;italian;french;spanish;portuguese;turkish;chinese,no,cbb9016479fa95aca7c6ad58593fdf63093d7659,
code/scenes/character_scenes/sy/sm1cs-sy003i.rpy,Phase 5,not started,11,12,82,deutsch,deutsch;italian;french;spanish;portuguese;turkish;chinese,no,cbb9016479fa95aca7c6ad58593fdf63093d7659,
code/scenes/cross_characters/sm1xc_ns_tl_001.rpy,Phase 5,not started,113,113,1039,spanish,deutsch;italian;french;spanish;portuguese;turkish;chinese,no,cbb9016479fa95aca7c6ad58593fdf63093d7659,
code/scenes/cross_characters/sm1xc_ns_tl_001i.rpy,Phase 5,not started,15,15,160,deutsch,deutsch;italian;french;spanish;portuguese;turkish;chinese,no,cbb9016479fa95aca7c6ad58593fdf63093d7659,
code/scenes/it_office/ag/sm1cs-ag001.rpy,Phase 6,not started,127,136,1316,french,deutsch;italian;french;spanish;portuguese;turkish;chinese,yes,cbb9016479fa95aca7c6ad58593fdf63093d7659,
code/scenes/it_office/ag/sm1cs-ag002.rpy,Phase 6,not started,106,108,913,deutsch,deutsch;italian;french;spanish;portuguese;turkish;chinese,no,cbb9016479fa95aca7c6ad58593fdf63093d7659,
code/scenes/it_office/ag/sm1cs-ag002i.rpy,Phase 6,not started,6,6,31,deutsch,deutsch;italian;french;spanish;portuguese;turkish;chinese,no,cbb9016479fa95aca7c6ad58593fdf63093d7659,
code/scenes/it_office/ag/sm1cs-ag003.rpy,Phase 6,not started,136,136,1097,deutsch,deutsch;italian;french;spanish;portuguese;turkish;chinese,no,cbb9016479fa95aca7c6ad58593fdf63093d7659,
code/scenes/it_office/ag/sm1cs-ag003i.rpy,Phase 6,not started,6,6,48,deutsch,deutsch;italian;french;spanish;portuguese;turkish;chinese,no,cbb9016479fa95aca7c6ad58593fdf63093d7659,
code/scenes/it_office/am/sm1cs-am-renovation.rpy,Phase 6,not started,114,126,857,french,deutsch;italian;french;spanish;portuguese;turkish;chinese,yes,cbb9016479fa95aca7c6ad58593fdf63093d7659,
code/scenes/it_office/am/sm1cs-am001.rpy,Phase 6,not started,149,156,1347,french,deutsch;italian;french;spanish;portuguese;turkish;chinese,yes,cbb9016479fa95aca7c6ad58593fdf63093d7659,
code/scenes/it_office/am/sm1cs-am002.rpy,Phase 6,not started,97,103,923,french,deutsch;italian;french;spanish;portuguese;turkish;chinese,yes,cbb9016479fa95aca7c6ad58593fdf63093d7659,
code/scenes/it_office/am/sm1cs-am003.rpy,Phase 6,not started,145,150,1429,french,deutsch;italian;french;spanish;portuguese;turkish;chinese,yes,cbb9016479fa95aca7c6ad58593fdf63093d7659,
code/scenes/it_office/am/sm1cs-am004.rpy,Phase 6,not started,273,290,1795,french,deutsch;italian;french;spanish;portuguese;turkish;chinese,yes,cbb9016479fa95aca7c6ad58593fdf63093d7659,
code/scenes/it_office/am/sm1cs-am004i.rpy,Phase 6,not started,14,15,96,deutsch,deutsch;italian;french;spanish;portuguese;turkish;chinese,no,cbb9016479fa95aca7c6ad58593fdf63093d7659,
code/scenes/it_office/am/sm1cs-am005.rpy,Phase 6,not started,179,194,1441,french,deutsch;italian;french;spanish;portuguese;turkish;chinese,yes,cbb9016479fa95aca7c6ad58593fdf63093d7659,
code/scenes/it_office/am/sm1cs-am005b.rpy,Phase 6,not started,9,9,43,deutsch,deutsch;italian;french;spanish;portuguese;turkish;chinese,no,cbb9016479fa95aca7c6ad58593fdf63093d7659,
code/scenes/it_office/am/sm1cs-am006.rpy,Phase 6,not started,210,224,1524,french,deutsch;italian;french;spanish;portuguese;turkish;chinese,yes,cbb9016479fa95aca7c6ad58593fdf63093d7659,
code/scenes/it_office/am/sm1cs-am007.rpy,Phase 6,not started,437,463,2906,french,deutsch;italian;french;spanish;portuguese;turkish;chinese,yes,cbb9016479fa95aca7c6ad58593fdf63093d7659,
code/scenes/it_office/am/sm1cs-am008.rpy,Phase 6,not started,482,496,3073,spanish,deutsch;italian;french;spanish;portuguese;turkish;chinese,yes,cbb9016479fa95aca7c6ad58593fdf63093d7659,
code/scenes/it_office/cw/sm1cs-cw001.rpy,Phase 6,not started,114,125,1232,deutsch,deutsch;italian;french;spanish;portuguese;turkish;chinese,no,cbb9016479fa95aca7c6ad58593fdf63093d7659,
code/scenes/it_office/cw/sm1cs-cw001i.rpy,Phase 6,not started,3,3,19,deutsch,deutsch;italian;french;spanish;portuguese;turkish;chinese,no,cbb9016479fa95aca7c6ad58593fdf63093d7659,
code/scenes/it_office/cw/sm1cs-cw002.rpy,Phase 6,not started,41,42,303,french,deutsch;italian;french;spanish;portuguese;turkish;chinese,yes,cbb9016479fa95aca7c6ad58593fdf63093d7659,
code/scenes/it_office/cw/sm1cs-cw002_2.rpy,Phase 6,not started,150,157,1262,french,deutsch;italian;french;spanish;portuguese;turkish;chinese,yes,cbb9016479fa95aca7c6ad58593fdf63093d7659,
code/scenes/it_office/cw/sm1cs-cw003.rpy,Phase 6,not started,78,79,663,deutsch,deutsch;italian;french;spanish;portuguese;turkish;chinese,no,cbb9016479fa95aca7c6ad58593fdf63093d7659,
code/scenes/it_office/cw/sm1cs-cw003i.rpy,Phase 6,not started,2,2,14,deutsch,deutsch;italian;french;spanish;portuguese;turkish;chinese,no,cbb9016479fa95aca7c6ad58593fdf63093d7659,
code/scenes/it_office/cw/sm1cs-cw004.rpy,Phase 6,not started,330,339,2308,turkish,deutsch;italian;french;spanish;portuguese;turkish;chinese,yes,cbb9016479fa95aca7c6ad58593fdf63093d7659,
code/scenes/it_office/cw/sm1cs-cw004i.rpy,Phase 6,not started,8,8,60,deutsch,deutsch;italian;french;spanish;portuguese;turkish;chinese,no,cbb9016479fa95aca7c6ad58593fdf63093d7659,
code/scenes/it_office/cw/sm1cs-cw005.rpy,Phase 6,not started,422,435,2586,deutsch,deutsch;italian;french;spanish;portuguese;turkish;chinese,no,cbb9016479fa95aca7c6ad58593fdf63093d7659,
code/scenes/it_office/cw/sm1cs-cw006.rpy,Phase 6,not started,291,307,2167,spanish,deutsch;italian;french;spanish;portuguese;turkish;chinese,yes,cbb9016479fa95aca7c6ad58593fdf63093d7659,
code/scenes/it_office/cw/sm1cs-cw006_onramp.rpy,Phase 6,not started,6,6,46,deutsch,deutsch;italian;french;spanish;portuguese;turkish;chinese,no,cbb9016479fa95aca7c6ad58593fdf63093d7659,
code/scenes/it_office/ns/sm1cs-ns-renovation.rpy,Phase 6,not started,65,65,500,deutsch,deutsch;italian;french;spanish;portuguese;turkish;chinese,no,cbb9016479fa95aca7c6ad58593fdf63093d7659,
code/scenes/it_office/ns/sm1cs-ns001.rpy,Phase 6,not started,99,101,1274,deutsch,deutsch;italian;french;spanish;portuguese;turkish;chinese,no,cbb9016479fa95aca7c6ad58593fdf63093d7659,
code/scenes/it_office/ns/sm1cs-ns002.rpy,Phase 6,not started,136,138,1199,french,deutsch;italian;french;spanish;portuguese;turkish;chinese,yes,cbb9016479fa95aca7c6ad58593fdf63093d7659,
code/scenes/it_office/ns/sm1cs-ns003.rpy,Phase 6,not started,177,183,1687,deutsch,deutsch;italian;french;spanish;portuguese;turkish;chinese,yes,cbb9016479fa95aca7c6ad58593fdf63093d7659,
code/scenes/it_office/ns/sm1cs-ns004.rpy,Phase 6,not started,160,164,1893,deutsch,deutsch;italian;french;spanish;portuguese;turkish;chinese,no,cbb9016479fa95aca7c6ad58593fdf63093d7659,
code/scenes/it_office/ns/sm1cs-ns005.rpy,Phase 6,not started,192,194,1421,spanish,deutsch;italian;french;spanish;portuguese;turkish;chinese,no,cbb9016479fa95aca7c6ad58593fdf63093d7659,
code/scenes/it_office/ns/sm1cs-ns006.rpy,Phase 6,not started,124,125,1071,deutsch,deutsch;italian;french;spanish;portuguese;turkish;chinese,no,cbb9016479fa95aca7c6ad58593fdf63093d7659,
code/scenes/it_office/ns/sm1cs-ns007.rpy,Phase 6,not started,332,339,2456,deutsch,deutsch;italian;french;spanish;portuguese;turkish;chinese,no,cbb9016479fa95aca7c6ad58593fdf63093d7659,
code/scenes/it_office/ns/sm1cs-ns007i.rpy,Phase 6,not started,19,19,173,deutsch,deutsch;italian;french;spanish;portuguese;turkish;chinese,no,cbb9016479fa95aca7c6ad58593fdf63093d7659,
code/scenes/it_office/ns/sm1cs-ns008.rpy,Phase 6,not started,95,95,959,deutsch,deutsch;italian;french;spanish;portuguese;turkish;chinese,no,cbb9016479fa95aca7c6ad58593fdf63093d7659,
code/scenes/it_office/ns/sm1cs-ns009.rpy,Phase 6,not started,223,230,1712,french,deutsch;italian;french;spanish;portuguese;turkish;chinese,yes,cbb9016479fa95aca7c6ad58593fdf63093d7659,
code/scenes/it_office/ns/sm1cs-ns010.rpy,Phase 6,not started,137,137,1197,deutsch,deutsch;italian;french;spanish;portuguese;turkish;chinese,no,cbb9016479fa95aca7c6ad58593fdf63093d7659,
code/scenes/it_office/ns/sm1cs-ns010i.rpy,Phase 6,not started,47,47,584,deutsch,deutsch;italian;french;spanish;portuguese;turkish;chinese,no,cbb9016479fa95aca7c6ad58593fdf63093d7659,
code/scenes/it_office/ns/sm1cs-ns011.rpy,Phase 6,not started,191,193,1332,deutsch,deutsch;italian;french;spanish;portuguese;turkish;chinese,no,cbb9016479fa95aca7c6ad58593fdf63093d7659,
code/scenes/it_office/ns/sm1cs-ns011i.rpy,Phase 6,not started,9,9,33,deutsch,deutsch;italian;french;spanish;portuguese;turkish;chinese,no,cbb9016479fa95aca7c6ad58593fdf63093d7659,
code/scenes/it_office/ns/sm1cs-ns012.rpy,Phase 6,not started,313,332,1978,deutsch,deutsch;italian;french;spanish;portuguese;turkish;chinese,no,cbb9016479fa95aca7c6ad58593fdf63093d7659,
code/scenes/it_office/ns/sm1cs-ns012i.rpy,Phase 6,not started,11,12,60,deutsch,deutsch;italian;french;spanish;portuguese;turkish;chinese,no,cbb9016479fa95aca7c6ad58593fdf63093d7659,
code/scenes/it_office/ns/sm1cs-ns013.rpy,Phase 6,not started,400,409,2210,deutsch,deutsch;italian;french;spanish;portuguese;turkish;chinese,no,cbb9016479fa95aca7c6ad58593fdf63093d7659,
code/scenes/it_office/ns/sm1cs-ns013i.rpy,Phase 6,not started,4,4,17,deutsch,deutsch;italian;french;spanish;portuguese;turkish;chinese,no,cbb9016479fa95aca7c6ad58593fdf63093d7659,
code/scenes/it_office/ns/sm1cs-ns014.rpy,Phase 6,not started,199,209,1592,deutsch,deutsch;italian;french;spanish;portuguese;turkish;chinese,no,cbb9016479fa95aca7c6ad58593fdf63093d7659,
code/scenes/it_office/sm1fs-i001.rpy,Phase 6,not started,104,105,854,deutsch,deutsch;italian;french;spanish;portuguese;turkish;chinese,no,cbb9016479fa95aca7c6ad58593fdf63093d7659,
code/scenes/it_office/sm1fs-i002.rpy,Phase 6,not started,103,110,1006,deutsch,deutsch;italian;french;spanish;portuguese;turkish;chinese,no,cbb9016479fa95aca7c6ad58593fdf63093d7659,
code/scenes/it_office/sm1fs-i003.rpy,Phase 6,not started,169,171,1641,deutsch,deutsch;italian;french;spanish;portuguese;turkish;chinese,no,cbb9016479fa95aca7c6ad58593fdf63093d7659,
code/scenes/it_office/sm1fs-i004.rpy,Phase 6,not started,122,128,1129,french,deutsch;italian;french;spanish;portuguese;turkish;chinese,yes,cbb9016479fa95aca7c6ad58593fdf63093d7659,
code/scenes/it_office/sm1fs-i005.rpy,Phase 6,not started,269,272,1597,deutsch,deutsch;italian;french;spanish;portuguese;turkish;chinese,yes,cbb9016479fa95aca7c6ad58593fdf63093d7659,
code/scenes/main_story/sm1ms001-02.rpy,Phase 4,not started,14,14,115,deutsch,deutsch;italian;french;spanish;portuguese;turkish;chinese,no,cbb9016479fa95aca7c6ad58593fdf63093d7659,
code/scenes/main_story/sm1ms001.rpy,Phase 4,not started,89,89,929,deutsch,deutsch;italian;french;spanish;portuguese;turkish;chinese,no,cbb9016479fa95aca7c6ad58593fdf63093d7659,
code/scenes/main_story/sm1ms002.rpy,Phase 4,not started,41,42,327,french,deutsch;italian;french;spanish;portuguese;turkish;chinese,no,cbb9016479fa95aca7c6ad58593fdf63093d7659,
code/scenes/main_story/sm1ms002_it.rpy,Phase 4,not started,56,57,456,spanish,deutsch;italian;french;spanish;portuguese;turkish;chinese,yes,cbb9016479fa95aca7c6ad58593fdf63093d7659,
code/scenes/main_story/sm1ms002_t.rpy,Phase 4,not started,41,41,429,deutsch,deutsch;italian;french;spanish;portuguese;turkish;chinese,no,cbb9016479fa95aca7c6ad58593fdf63093d7659,
code/scenes/main_story/sm1ms003.rpy,Phase 4,not started,102,108,621,deutsch,deutsch;italian;french;spanish;portuguese;turkish;chinese,no,cbb9016479fa95aca7c6ad58593fdf63093d7659,
code/scenes/main_story/sm1ms004.rpy,Phase 4,not started,100,100,983,deutsch,deutsch;italian;french;spanish;portuguese;turkish;chinese,no,cbb9016479fa95aca7c6ad58593fdf63093d7659,
code/scenes/main_story/sm1ms005.rpy,Phase 4,not started,148,151,972,deutsch,deutsch;italian;french;spanish;portuguese;turkish;chinese,yes,cbb9016479fa95aca7c6ad58593fdf63093d7659,
code/scenes/main_story/sm1ms005_01i.rpy,Phase 4,not started,8,8,47,deutsch,deutsch;italian;french;spanish;portuguese;turkish;chinese,no,cbb9016479fa95aca7c6ad58593fdf63093d7659,
code/scenes/main_story/sm1ms005_02i.rpy,Phase 4,not started,11,13,82,deutsch,deutsch;italian;french;spanish;portuguese;turkish;chinese,no,cbb9016479fa95aca7c6ad58593fdf63093d7659,
code/scenes/main_story/sm1ms006.rpy,Phase 4,not started,116,116,864,deutsch,deutsch;italian;french;spanish;portuguese;turkish;chinese,no,cbb9016479fa95aca7c6ad58593fdf63093d7659,
code/scenes/main_story/sm1ms007.rpy,Phase 4,not started,98,101,907,deutsch,deutsch;italian;french;spanish;portuguese;turkish;chinese,no,cbb9016479fa95aca7c6ad58593fdf63093d7659,
code/scenes/main_story/sm1ms007_01i.rpy,Phase 4,not started,6,7,41,deutsch,deutsch;italian;french;spanish;portuguese;turkish;chinese,no,cbb9016479fa95aca7c6ad58593fdf63093d7659,
code/scenes/main_story/sm1ms008.rpy,Phase 4,not started,153,158,1625,french,deutsch;italian;french;spanish;portuguese;turkish;chinese,yes,cbb9016479fa95aca7c6ad58593fdf63093d7659,
code/scenes/main_story/sm1ms008_01i.rpy,Phase 4,not started,11,11,104,deutsch,deutsch;italian;french;spanish;portuguese;turkish;chinese,no,cbb9016479fa95aca7c6ad58593fdf63093d7659,
code/scenes/main_story/sm1ms009.rpy,Phase 4,not started,469,470,3660,french,deutsch;italian;french;spanish;portuguese;turkish;chinese,no,cbb9016479fa95aca7c6ad58593fdf63093d7659,
code/scenes/main_story/sm1ms009_01i.rpy,Phase 4,not started,4,4,26,deutsch,deutsch;italian;french;spanish;portuguese;turkish;chinese,no,cbb9016479fa95aca7c6ad58593fdf63093d7659,
code/scenes/main_story/sm1ms010.rpy,Phase 4,not started,196,207,1414,french,deutsch;italian;french;spanish;portuguese;turkish;chinese,yes,cbb9016479fa95aca7c6ad58593fdf63093d7659,
code/scenes/main_story/sm1ms010i.rpy,Phase 4,not started,4,4,25,deutsch,deutsch;italian;french;spanish;portuguese;turkish;chinese,no,cbb9016479fa95aca7c6ad58593fdf63093d7659,
code/scenes/main_story/sm1ms011-01i.rpy,Phase 4,not started,42,45,415,spanish,deutsch;italian;french;spanish;portuguese;turkish;chinese,yes,cbb9016479fa95aca7c6ad58593fdf63093d7659,
code/scenes/main_story/sm1ms011-02i.rpy,Phase 4,not started,51,51,479,deutsch,deutsch;italian;french;spanish;portuguese;turkish;chinese,no,cbb9016479fa95aca7c6ad58593fdf63093d7659,
code/scenes/main_story/sm1ms011.rpy,Phase 4,not started,14,14,106,deutsch,deutsch;italian;french;spanish;portuguese;turkish;chinese,no,cbb9016479fa95aca7c6ad58593fdf63093d7659,
code/scenes/main_story/sm1ms011_it.rpy,Phase 4,not started,82,89,899,spanish,deutsch;italian;french;spanish;portuguese;turkish;chinese,yes,cbb9016479fa95aca7c6ad58593fdf63093d7659,
code/scenes/main_story/sm1ms011_t.rpy,Phase 4,not started,57,57,529,deutsch,deutsch;italian;french;spanish;portuguese;turkish;chinese,no,cbb9016479fa95aca7c6ad58593fdf63093d7659,
code/scenes/main_story/sm1ms012.rpy,Phase 4,not started,123,123,1056,deutsch,deutsch;italian;french;spanish;portuguese;turkish;chinese,no,cbb9016479fa95aca7c6ad58593fdf63093d7659,
code/scenes/main_story/sm1ms012i.rpy,Phase 4,not started,7,7,28,deutsch,deutsch;italian;french;spanish;portuguese;turkish;chinese,no,cbb9016479fa95aca7c6ad58593fdf63093d7659,
code/scenes/main_story/sm1ms013.rpy,Phase 4,not started,210,210,1744,deutsch,deutsch;italian;french;spanish;portuguese;turkish;chinese,no,cbb9016479fa95aca7c6ad58593fdf63093d7659,
code/scenes/main_story/sm1ms013i.rpy,Phase 4,not started,12,12,57,deutsch,deutsch;italian;french;spanish;portuguese;turkish;chinese,no,cbb9016479fa95aca7c6ad58593fdf63093d7659,
code/scenes/main_story/sm1ms014.rpy,Phase 4,not started,177,178,1549,deutsch,deutsch;italian;french;spanish;portuguese;turkish;chinese,no,cbb9016479fa95aca7c6ad58593fdf63093d7659,
code/scenes/main_story/sm1ms014i.rpy,Phase 4,not started,2,2,15,deutsch,deutsch;italian;french;spanish;portuguese;turkish;chinese,no,cbb9016479fa95aca7c6ad58593fdf63093d7659,
code/scenes/main_story/sm1ms015.rpy,Phase 4,not started,151,151,1169,deutsch,deutsch;italian;french;spanish;portuguese;turkish;chinese,no,cbb9016479fa95aca7c6ad58593fdf63093d7659,
code/scenes/main_story/sm1ms016.rpy,Phase 4,not started,148,148,1193,deutsch,deutsch;italian;french;spanish;portuguese;turkish;chinese,no,cbb9016479fa95aca7c6ad58593fdf63093d7659,
code/scenes/main_story/sm1ms017.rpy,Phase 4,not started,114,114,757,deutsch,deutsch;italian;french;spanish;portuguese;turkish;chinese,no,cbb9016479fa95aca7c6ad58593fdf63093d7659,
code/scenes/main_story/sm1ms018.rpy,Phase 4,not started,114,114,894,deutsch,deutsch;italian;french;spanish;portuguese;turkish;chinese,no,cbb9016479fa95aca7c6ad58593fdf63093d7659,
code/scenes/main_story/sm1ms019.rpy,Phase 4,not started,190,191,1722,italian,deutsch;italian;french;spanish;portuguese;turkish;chinese,yes,cbb9016479fa95aca7c6ad58593fdf63093d7659,
code/scenes/main_story/sm1ms019i.rpy,Phase 4,not started,3,3,16,deutsch,deutsch;italian;french;spanish;portuguese;turkish;chinese,no,cbb9016479fa95aca7c6ad58593fdf63093d7659,
code/scenes/main_story/sm1ms020.rpy,Phase 4,not started,215,220,1802,deutsch,deutsch;italian;french;spanish;portuguese;turkish;chinese,no,cbb9016479fa95aca7c6ad58593fdf63093d7659,
code/scenes/main_story/sm1ms021.rpy,Phase 4,not started,108,108,1030,deutsch,deutsch;italian;french;spanish;portuguese;turkish;chinese,no,cbb9016479fa95aca7c6ad58593fdf63093d7659,
code/scenes/main_story/sm1ms021i.rpy,Phase 4,not started,13,13,87,deutsch,deutsch;italian;french;spanish;portuguese;turkish;chinese,no,cbb9016479fa95aca7c6ad58593fdf63093d7659,
code/scenes/main_story/sm1ms022.rpy,Phase 4,not started,284,284,2260,deutsch,deutsch;italian;french;spanish;portuguese;turkish;chinese,no,cbb9016479fa95aca7c6ad58593fdf63093d7659,
code/scenes/main_story/sm1ms022i.rpy,Phase 4,not started,11,13,64,turkish,deutsch;italian;french;spanish;portuguese;turkish;chinese,yes,cbb9016479fa95aca7c6ad58593fdf63093d7659,
code/scenes/main_story/sm1ms023.rpy,Phase 4,not started,52,55,391,deutsch,deutsch;italian;french;spanish;portuguese;turkish;chinese,no,cbb9016479fa95aca7c6ad58593fdf63093d7659,
code/scenes/main_story/sm1ms023_02.rpy,Phase 4,not started,65,65,423,deutsch,deutsch;italian;french;spanish;portuguese;turkish;chinese,no,cbb9016479fa95aca7c6ad58593fdf63093d7659,
code/scenes/main_story/sm1ms023_02i.rpy,Phase 4,not started,6,6,25,deutsch,deutsch;italian;french;spanish;portuguese;turkish;chinese,no,cbb9016479fa95aca7c6ad58593fdf63093d7659,
code/scenes/main_story/sm1ms023i.rpy,Phase 4,not started,4,4,20,deutsch,deutsch;italian;french;spanish;portuguese;turkish;chinese,no,cbb9016479fa95aca7c6ad58593fdf63093d7659,
code/scenes/main_story/sm1ms024.rpy,Phase 4,not started,140,140,1058,deutsch,deutsch;italian;french;spanish;portuguese;turkish;chinese,no,cbb9016479fa95aca7c6ad58593fdf63093d7659,
code/scenes/main_story/sm1ms024i.rpy,Phase 4,not started,5,5,10,deutsch,deutsch;italian;french;spanish;portuguese;turkish;chinese,no,cbb9016479fa95aca7c6ad58593fdf63093d7659,
code/scenes/main_story/sm1ms025.rpy,Phase 4,not started,147,147,1160,deutsch,deutsch;italian;french;spanish;portuguese;turkish;chinese,no,cbb9016479fa95aca7c6ad58593fdf63093d7659,
code/scenes/main_story/sm1ms025i.rpy,Phase 4,not started,4,4,18,deutsch,deutsch;italian;french;spanish;portuguese;turkish;chinese,no,cbb9016479fa95aca7c6ad58593fdf63093d7659,
code/scenes/main_story/sm1ms026.rpy,Phase 4,not started,148,155,1220,french,deutsch;italian;french;spanish;portuguese;turkish;chinese,yes,cbb9016479fa95aca7c6ad58593fdf63093d7659,
code/scenes/main_story/sm1ms026i.rpy,Phase 4,not started,13,20,107,french,deutsch;italian;french;spanish;portuguese;turkish;chinese,yes,cbb9016479fa95aca7c6ad58593fdf63093d7659,
code/scenes/main_story/sm1ms027.rpy,Phase 4,not started,63,63,511,deutsch,deutsch;italian;french;spanish;portuguese;turkish;chinese,no,cbb9016479fa95aca7c6ad58593fdf63093d7659,
code/scenes/main_story/sm1ms028.rpy,Phase 4,not started,166,170,1250,chinese,deutsch;italian;french;spanish;portuguese;turkish;chinese,yes,cbb9016479fa95aca7c6ad58593fdf63093d7659,
code/scenes/main_story/sm1ms029.rpy,Phase 4,not started,1134,1150,6928,deutsch,deutsch;italian;french;spanish;portuguese;turkish;chinese,yes,cbb9016479fa95aca7c6ad58593fdf63093d7659,
code/scenes/main_story/sm1ms029_1.rpy,Phase 4,not started,275,275,1795,turkish,turkish;chinese,yes,cbb9016479fa95aca7c6ad58593fdf63093d7659,
code/scenes/main_story/sm1ms029_2.rpy,Phase 4,not started,279,279,1630,turkish,turkish;chinese,yes,cbb9016479fa95aca7c6ad58593fdf63093d7659,
code/scenes/main_story/sm1ms029_3.rpy,Phase 4,not started,275,275,1497,turkish,turkish;chinese,yes,cbb9016479fa95aca7c6ad58593fdf63093d7659,
code/scenes/main_story/sm1ms029_4.rpy,Phase 4,not started,280,296,1862,chinese,turkish;chinese,yes,cbb9016479fa95aca7c6ad58593fdf63093d7659,
code/scenes/main_story/sm1ms029i.rpy,Phase 4,not started,6,6,28,deutsch,deutsch;italian;french;spanish;portuguese;turkish;chinese,no,cbb9016479fa95aca7c6ad58593fdf63093d7659,
code/scenes/main_story/sm1ms030.rpy,Phase 4,not started,132,132,886,spanish,deutsch;italian;french;spanish;portuguese;turkish;chinese,yes,cbb9016479fa95aca7c6ad58593fdf63093d7659,
code/scenes/movies/movie01/sm1mv01s01.rpy,Phase 6,not started,157,157,1008,deutsch,deutsch;italian;french;spanish;portuguese;turkish;chinese,no,cbb9016479fa95aca7c6ad58593fdf63093d7659,
code/scenes/movies/movie01/sm1mv01s02.rpy,Phase 6,not started,333,336,2058,deutsch,deutsch;italian;french;spanish;portuguese;turkish;chinese,no,cbb9016479fa95aca7c6ad58593fdf63093d7659,
code/scenes/movies/movie01/sm1mv01s02i.rpy,Phase 6,not started,9,9,54,deutsch,deutsch;italian;french;spanish;portuguese;turkish;chinese,no,cbb9016479fa95aca7c6ad58593fdf63093d7659,
code/scenes/movies/movie01/sm1mv01s03_1.rpy,Phase 6,not started,74,74,437,deutsch,deutsch;italian;french;spanish;portuguese;turkish;chinese,no,cbb9016479fa95aca7c6ad58593fdf63093d7659,
code/scenes/movies/movie01/sm1mv01s03_1i.rpy,Phase 6,not started,8,8,39,deutsch,deutsch;italian;french;spanish;portuguese;turkish;chinese,no,cbb9016479fa95aca7c6ad58593fdf63093d7659,
code/scenes/movies/movie01/sm1mv01s03_2.rpy,Phase 6,not started,332,338,1922,spanish,deutsch;italian;french;spanish;portuguese;turkish;chinese,yes,cbb9016479fa95aca7c6ad58593fdf63093d7659,
code/scenes/movies/movie01/sm1mv01s04.rpy,Phase 6,not started,130,130,1106,spanish,deutsch;italian;french;spanish;portuguese;turkish;chinese,no,cbb9016479fa95aca7c6ad58593fdf63093d7659,
code/scenes/movies/movie01/sm1mv01s04_2i.rpy,Phase 6,not started,3,3,23,deutsch,deutsch;italian;french;spanish;portuguese;turkish;chinese,no,cbb9016479fa95aca7c6ad58593fdf63093d7659,
code/scenes/movies/movie01/sm1mv01s04i.rpy,Phase 6,not started,13,13,132,deutsch,deutsch;italian;french;spanish;portuguese;turkish;chinese,no,cbb9016479fa95aca7c6ad58593fdf63093d7659,
code/scenes/movies/movie01/sm1mv01s05.rpy,Phase 6,not started,264,269,1532,deutsch,deutsch;italian;french;spanish;portuguese;turkish;chinese,no,cbb9016479fa95aca7c6ad58593fdf63093d7659,
code/scenes/movies/movie01/sm1mv01s05i.rpy,Phase 6,not started,6,6,48,deutsch,deutsch;italian;french;spanish;portuguese;turkish;chinese,no,cbb9016479fa95aca7c6ad58593fdf63093d7659,
code/scenes/movies/movie01/sm1mv01s06.rpy,Phase 6,not started,273,275,1687,deutsch,deutsch;italian;french;spanish;portuguese;turkish;chinese,no,cbb9016479fa95aca7c6ad58593fdf63093d7659,
code/scenes/movies/movie01/sm1mv01s06i.rpy,Phase 6,not started,5,5,20,deutsch,deutsch;italian;french;spanish;portuguese;turkish;chinese,no,cbb9016479fa95aca7c6ad58593fdf63093d7659,
code/scenes/movies/movie01/sm1mv01s07.rpy,Phase 6,not started,40,40,307,deutsch,deutsch;italian;french;spanish;portuguese;turkish;chinese,no,cbb9016479fa95aca7c6ad58593fdf63093d7659,
code/scenes/movies/movie01/sm1mv01s07_2.rpy,Phase 6,not started,152,157,1161,deutsch,deutsch;italian;french;spanish;portuguese;turkish;chinese,no,cbb9016479fa95aca7c6ad58593fdf63093d7659,
code/scenes/movies/movie01/sm1mv01s07i.rpy,Phase 6,not started,4,4,13,deutsch,deutsch;italian;french;spanish;portuguese;turkish;chinese,no,cbb9016479fa95aca7c6ad58593fdf63093d7659,
code/scenes/movies/movie01/sm1mv01s08.rpy,Phase 6,not started,300,300,2187,deutsch,deutsch;italian;french;spanish;portuguese;turkish;chinese,no,cbb9016479fa95aca7c6ad58593fdf63093d7659,
code/scenes/movies/movie01/sm1mv01s09.rpy,Phase 6,not started,326,326,2137,portuguese,deutsch;italian;french;spanish;portuguese;turkish;chinese,yes,cbb9016479fa95aca7c6ad58593fdf63093d7659,
code/scenes/movies/movie01/sm1mv01s10.rpy,Phase 6,not started,138,138,895,deutsch,deutsch;italian;french;spanish;portuguese;turkish;chinese,no,cbb9016479fa95aca7c6ad58593fdf63093d7659,
code/scenes/movies/movie01/sm1mv01s11i.rpy,Phase 6,not started,19,19,159,deutsch,deutsch;italian;french;spanish;portuguese;turkish;chinese,no,cbb9016479fa95aca7c6ad58593fdf63093d7659,
code/scenes/movies/movie02/sm1mv02s01.rpy,Phase 6,not started,93,97,769,deutsch,deutsch;italian;french;spanish;portuguese;turkish;chinese,yes,cbb9016479fa95aca7c6ad58593fdf63093d7659,
code/scenes/movies/movie02/sm1mv02s02.rpy,Phase 6,not started,75,75,761,deutsch,deutsch;italian;french;spanish;portuguese;turkish;chinese,no,cbb9016479fa95aca7c6ad58593fdf63093d7659,
code/scenes/movies/movie02/sm1mv02s02_01i.rpy,Phase 6,not started,15,15,141,deutsch,deutsch;italian;french;spanish;portuguese;turkish;chinese,no,cbb9016479fa95aca7c6ad58593fdf63093d7659,
code/scenes/movies/movie02/sm1mv02s02_02i.rpy,Phase 6,not started,19,19,156,deutsch,deutsch;italian;french;spanish;portuguese;turkish;chinese,no,cbb9016479fa95aca7c6ad58593fdf63093d7659,
code/scenes/movies/movie02/sm1mv02s02i.rpy,Phase 6,not started,8,8,39,deutsch,deutsch;italian;french;spanish;portuguese;turkish;chinese,no,cbb9016479fa95aca7c6ad58593fdf63093d7659,
code/scenes/movies/movie02/sm1mv02s03_1.rpy,Phase 6,not started,91,91,651,deutsch,deutsch;italian;french;spanish;portuguese;turkish;chinese,no,cbb9016479fa95aca7c6ad58593fdf63093d7659,
code/scenes/movies/movie02/sm1mv02s03_1i.rpy,Phase 6,not started,2,2,20,deutsch,deutsch;italian;french;spanish;portuguese;turkish;chinese,no,cbb9016479fa95aca7c6ad58593fdf63093d7659,
code/scenes/movies/movie02/sm1mv02s03_2.rpy,Phase 6,not started,93,93,657,deutsch,deutsch;italian;french;spanish;portuguese;turkish;chinese,no,cbb9016479fa95aca7c6ad58593fdf63093d7659,
code/scenes/movies/movie02/sm1mv02s03_2i.rpy,Phase 6,not started,4,4,28,deutsch,deutsch;italian;french;spanish;portuguese;turkish;chinese,no,cbb9016479fa95aca7c6ad58593fdf63093d7659,
code/scenes/movies/movie02/sm1mv02s03i.rpy,Phase 6,not started,8,8,61,deutsch,deutsch;italian;french;spanish;portuguese;turkish;chinese,no,cbb9016479fa95aca7c6ad58593fdf63093d7659,
code/scenes/movies/movie02/sm1mv02s04.rpy,Phase 6,not started,209,213,1738,italian,deutsch;italian;french;spanish;portuguese;turkish;chinese,yes,cbb9016479fa95aca7c6ad58593fdf63093d7659,
code/scenes/movies/movie02/sm1mv02s04i.rpy,Phase 6,not started,6,6,36,deutsch,deutsch;italian;french;spanish;portuguese;turkish;chinese,no,cbb9016479fa95aca7c6ad58593fdf63093d7659,
code/scenes/movies/movie02/sm1mv02s05.rpy,Phase 6,not started,399,405,3163,deutsch,deutsch;italian;french;spanish;portuguese;turkish;chinese,no,cbb9016479fa95aca7c6ad58593fdf63093d7659,
code/scenes/movies/movie02/sm1mv02s05_1i.rpy,Phase 6,not started,8,8,80,deutsch,deutsch;italian;french;spanish;portuguese;turkish;chinese,no,cbb9016479fa95aca7c6ad58593fdf63093d7659,
code/scenes/movies/movie02/sm1mv02s05i.rpy,Phase 6,not started,11,11,72,deutsch,deutsch;italian;french;spanish;portuguese;turkish;chinese,no,cbb9016479fa95aca7c6ad58593fdf63093d7659,
code/scenes/movies/movie02/sm1mv02s06.rpy,Phase 6,not started,209,209,1587,deutsch,deutsch;italian;french;spanish;portuguese;turkish;chinese,no,cbb9016479fa95aca7c6ad58593fdf63093d7659,
code/scenes/movies/movie02/sm1mv02s06i.rpy,Phase 6,not started,4,4,23,deutsch,deutsch;italian;french;spanish;portuguese;turkish;chinese,no,cbb9016479fa95aca7c6ad58593fdf63093d7659,
code/scenes/movies/movie02/sm1mv02s07a.rpy,Phase 6,not started,243,247,1621,deutsch,deutsch;italian;french;spanish;portuguese;turkish;chinese,no,cbb9016479fa95aca7c6ad58593fdf63093d7659,
code/scenes/movies/movie02/sm1mv02s07a_1i.rpy,Phase 6,not started,13,13,109,deutsch,deutsch;italian;french;spanish;portuguese;turkish;chinese,no,cbb9016479fa95aca7c6ad58593fdf63093d7659,
code/scenes/movies/movie02/sm1mv02s07a_2i.rpy,Phase 6,not started,24,24,168,deutsch,deutsch;italian;french;spanish;portuguese;turkish;chinese,no,cbb9016479fa95aca7c6ad58593fdf63093d7659,
code/scenes/movies/movie02/sm1mv02s07b.rpy,Phase 6,not started,264,264,2058,deutsch,deutsch;italian;french;spanish;portuguese;turkish;chinese,no,cbb9016479fa95aca7c6ad58593fdf63093d7659,
code/scenes/movies/movie02/sm1mv02s07b_1i.rpy,Phase 6,not started,10,10,148,deutsch,deutsch;italian;french;spanish;portuguese;turkish;chinese,no,cbb9016479fa95aca7c6ad58593fdf63093d7659,
code/scenes/movies/movie02/sm1mv02s07b_2i.rpy,Phase 6,not started,6,6,90,deutsch,deutsch;italian;french;spanish;portuguese;turkish;chinese,no,cbb9016479fa95aca7c6ad58593fdf63093d7659,
code/scenes/movies/movie02/sm1mv02s08.rpy,Phase 6,not started,199,200,1110,spanish,deutsch;italian;french;spanish;portuguese;turkish;chinese,yes,cbb9016479fa95aca7c6ad58593fdf63093d7659,
code/scenes/movies/movie02/sm1mv02s08_1i.rpy,Phase 6,not started,13,13,82,deutsch,deutsch;italian;french;spanish;portuguese;turkish;chinese,no,cbb9016479fa95aca7c6ad58593fdf63093d7659,
code/scenes/movies/movie02/sm1mv02s08i.rpy,Phase 6,not started,13,13,99,deutsch,deutsch;italian;french;spanish;portuguese;turkish;chinese,no,cbb9016479fa95aca7c6ad58593fdf63093d7659,
code/scenes/movies/movie02/sm1mv02s09.rpy,Phase 6,not started,286,286,1843,spanish,deutsch;italian;french;spanish;portuguese;turkish;chinese,yes,cbb9016479fa95aca7c6ad58593fdf63093d7659,
code/scenes/movies/movie02/sm1mv02s09i.rpy,Phase 6,not started,3,3,21,deutsch,deutsch;italian;french;spanish;portuguese;turkish;chinese,no,cbb9016479fa95aca7c6ad58593fdf63093d7659,
code/scenes/movies/movie02/sm1mv02s10.rpy,Phase 6,not started,269,273,1784,french,deutsch;italian;french;spanish;portuguese;turkish;chinese,yes,cbb9016479fa95aca7c6ad58593fdf63093d7659,
code/scenes/movies/movie02/sm1mv02s10i.rpy,Phase 6,not started,7,7,59,deutsch,deutsch;italian;french;spanish;portuguese;turkish;chinese,no,cbb9016479fa95aca7c6ad58593fdf63093d7659,
code/scenes/theatre/dvh/sm1cs-dvh001.rpy,Phase 6,not started,87,88,923,deutsch,deutsch;italian;french;spanish;portuguese;turkish;chinese,no,cbb9016479fa95aca7c6ad58593fdf63093d7659,
code/scenes/theatre/dvh/sm1cs-dvh002.rpy,Phase 6,not started,116,116,1079,deutsch,deutsch;italian;french;spanish;portuguese;turkish;chinese,no,cbb9016479fa95aca7c6ad58593fdf63093d7659,
code/scenes/theatre/dvh/sm1cs-dvh003.rpy,Phase 6,not started,63,64,761,spanish,deutsch;italian;french;spanish;portuguese;turkish;chinese,no,cbb9016479fa95aca7c6ad58593fdf63093d7659,
code/scenes/theatre/km/sm1cs-km001.rpy,Phase 6,not started,89,95,651,french,deutsch;italian;french;spanish;portuguese;turkish;chinese,yes,cbb9016479fa95aca7c6ad58593fdf63093d7659,
code/scenes/theatre/km/sm1cs-km001i.rpy,Phase 6,not started,11,11,72,deutsch,deutsch;italian;french;spanish;portuguese;turkish;chinese,no,cbb9016479fa95aca7c6ad58593fdf63093d7659,
code/scenes/theatre/km/sm1cs-km002.rpy,Phase 6,not started,75,80,720,deutsch,deutsch;italian;french;spanish;portuguese;turkish;chinese,no,cbb9016479fa95aca7c6ad58593fdf63093d7659,
code/scenes/theatre/km/sm1cs-km003-2.rpy,Phase 6,not started,109,111,982,french,deutsch;italian;french;spanish;portuguese;turkish;chinese,yes,cbb9016479fa95aca7c6ad58593fdf63093d7659,
code/scenes/theatre/km/sm1cs-km003-2i.rpy,Phase 6,not started,46,53,421,french,deutsch;italian;french;spanish;portuguese;turkish;chinese,yes,cbb9016479fa95aca7c6ad58593fdf63093d7659,
code/scenes/theatre/km/sm1cs-km003.rpy,Phase 6,not started,46,46,325,deutsch,deutsch;italian;french;spanish;portuguese;turkish;chinese,no,cbb9016479fa95aca7c6ad58593fdf63093d7659,
code/scenes/theatre/km/sm1cs-km004.rpy,Phase 6,not started,272,278,1924,chinese,deutsch;italian;french;spanish;portuguese;turkish;chinese,yes,cbb9016479fa95aca7c6ad58593fdf63093d7659,
code/scenes/theatre/km/sm1cs-km004i.rpy,Phase 6,not started,6,6,47,deutsch,deutsch;italian;french;spanish;portuguese;turkish;chinese,no,cbb9016479fa95aca7c6ad58593fdf63093d7659,
code/scenes/theatre/km/sm1cs-km005.rpy,Phase 6,not started,224,226,1636,french,deutsch;italian;french;spanish;portuguese;turkish;chinese,yes,cbb9016479fa95aca7c6ad58593fdf63093d7659,
code/scenes/theatre/km/sm1cs-km006-1i.rpy,Phase 6,not started,11,11,96,deutsch,deutsch;italian;french;spanish;portuguese;turkish;chinese,no,cbb9016479fa95aca7c6ad58593fdf63093d7659,
code/scenes/theatre/km/sm1cs-km006-2i.rpy,Phase 6,not started,11,11,75,deutsch,deutsch;italian;french;spanish;portuguese;turkish;chinese,no,cbb9016479fa95aca7c6ad58593fdf63093d7659,
code/scenes/theatre/km/sm1cs-km006.rpy,Phase 6,not started,570,579,4032,spanish,deutsch;italian;french;spanish;portuguese;turkish;chinese,yes,cbb9016479fa95aca7c6ad58593fdf63093d7659,
code/scenes/theatre/sm1fs-t001.rpy,Phase 6,not started,202,204,1404,deutsch,deutsch;italian;french;spanish;portuguese;turkish;chinese,no,cbb9016479fa95aca7c6ad58593fdf63093d7659,
code/scenes/theatre/sm1fs-t002.rpy,Phase 6,not started,322,324,2668,deutsch,deutsch;italian;french;spanish;portuguese;turkish;chinese,yes,cbb9016479fa95aca7c6ad58593fdf63093d7659,
code/scenes/theatre/sm1fs-t003.rpy,Phase 6,not started,190,190,1625,deutsch,deutsch;italian;french;spanish;portuguese;turkish;chinese,no,cbb9016479fa95aca7c6ad58593fdf63093d7659,
code/scenes/theatre/sm1fs-t004.rpy,Phase 6,not started,259,266,1935,deutsch,deutsch;italian;french;spanish;portuguese;turkish;chinese,yes,cbb9016479fa95aca7c6ad58593fdf63093d7659,
code/scenes/theatre/sm1fs-t004i.rpy,Phase 6,not started,6,6,20,deutsch,deutsch;italian;french;spanish;portuguese;turkish;chinese,no,cbb9016479fa95aca7c6ad58593fdf63093d7659,
code/scenes/theatre/sm1fs-t005.rpy,Phase 6,not started,98,98,932,deutsch,deutsch;italian;french;spanish;portuguese;turkish;chinese,yes,cbb9016479fa95aca7c6ad58593fdf63093d7659,
code/scenes/theatre/sm1fs-t006.rpy,Phase 6,not started,78,79,817,spanish,deutsch;italian;french;spanish;portuguese;turkish;chinese,yes,cbb9016479fa95aca7c6ad58593fdf63093d7659,
code/scenes/theatre/sm1fs-t007-2i.rpy,Phase 6,not started,13,14,117,deutsch,deutsch;italian;french;spanish;portuguese;turkish;chinese,no,cbb9016479fa95aca7c6ad58593fdf63093d7659,
code/scenes/theatre/sm1fs-t007.rpy,Phase 6,not started,187,198,1452,deutsch,deutsch;italian;french;spanish;portuguese;turkish;chinese,no,cbb9016479fa95aca7c6ad58593fdf63093d7659,
code/scenes/theatre/sm1fs-t007i.rpy,Phase 6,not started,18,18,167,deutsch,deutsch;italian;french;spanish;portuguese;turkish;chinese,no,cbb9016479fa95aca7c6ad58593fdf63093d7659,
code/scenes/theatre/sm1fs-t008.rpy,Phase 6,not started,156,162,1096,deutsch,deutsch;italian;french;spanish;portuguese;turkish;chinese,no,cbb9016479fa95aca7c6ad58593fdf63093d7659,
code/scenes/theatre/sm1fs-t008i.rpy,Phase 6,not started,12,12,77,deutsch,deutsch;italian;french;spanish;portuguese;turkish;chinese,no,cbb9016479fa95aca7c6ad58593fdf63093d7659,
code/scenes/theatre/tl/sm1cs-tl-renovation-i.rpy,Phase 6,not started,4,4,30,deutsch,deutsch;italian;french;spanish;portuguese;turkish;chinese,no,cbb9016479fa95aca7c6ad58593fdf63093d7659,
code/scenes/theatre/tl/sm1cs-tl-renovation.rpy,Phase 6,not started,68,68,449,deutsch,deutsch;italian;french;spanish;portuguese;turkish;chinese,no,cbb9016479fa95aca7c6ad58593fdf63093d7659,
code/scenes/theatre/tl/sm1cs-tl001.rpy,Phase 6,not started,101,101,1151,deutsch,deutsch;italian;french;spanish;portuguese;turkish;chinese,no,cbb9016479fa95aca7c6ad58593fdf63093d7659,
code/scenes/theatre/tl/sm1cs-tl001i.rpy,Phase 6,not started,8,8,66,deutsch,deutsch;italian;french;spanish;portuguese;turkish;chinese,no,cbb9016479fa95aca7c6ad58593fdf63093d7659,
code/scenes/theatre/tl/sm1cs-tl002.rpy,Phase 6,not started,146,147,1038,deutsch,deutsch;italian;french;spanish;portuguese;turkish;chinese,no,cbb9016479fa95aca7c6ad58593fdf63093d7659,
code/scenes/theatre/tl/sm1cs-tl002i.rpy,Phase 6,not started,20,20,159,deutsch,deutsch;italian;french;spanish;portuguese;turkish;chinese,no,cbb9016479fa95aca7c6ad58593fdf63093d7659,
code/scenes/theatre/tl/sm1cs-tl003.rpy,Phase 6,not started,234,235,1541,deutsch,deutsch;italian;french;spanish;portuguese;turkish;chinese,no,cbb9016479fa95aca7c6ad58593fdf63093d7659,
code/scenes/theatre/tl/sm1cs-tl003i.rpy,Phase 6,not started,7,7,38,deutsch,deutsch;italian;french;spanish;portuguese;turkish;chinese,no,cbb9016479fa95aca7c6ad58593fdf63093d7659,
code/scenes/theatre/tl/sm1cs-tl004.rpy,Phase 6,not started,150,159,1096,french,deutsch;italian;french;spanish;portuguese;turkish;chinese,yes,cbb9016479fa95aca7c6ad58593fdf63093d7659,
code/scenes/theatre/tl/sm1cs-tl004i.rpy,Phase 6,not started,9,9,46,deutsch,deutsch;italian;french;spanish;portuguese;turkish;chinese,no,cbb9016479fa95aca7c6ad58593fdf63093d7659,
code/scenes/theatre/tl/sm1cs-tl005.rpy,Phase 6,not started,102,105,625,deutsch,deutsch;italian;french;spanish;portuguese;turkish;chinese,no,cbb9016479fa95aca7c6ad58593fdf63093d7659,
code/scenes/theatre/tl/sm1cs-tl005i.rpy,Phase 6,not started,0,0,0,french,french,no,cbb9016479fa95aca7c6ad58593fdf63093d7659,
code/scenes/theatre/tl/sm1cs-tl006.rpy,Phase 6,not started,354,354,2033,spanish,deutsch;italian;french;spanish;portuguese;turkish;chinese,no,cbb9016479fa95aca7c6ad58593fdf63093d7659,
code/scenes/theatre/tl/sm1cs-tl006i.rpy,Phase 6,not started,14,14,95,deutsch,deutsch;italian;french;spanish;portuguese;turkish;chinese,no,cbb9016479fa95aca7c6ad58593fdf63093d7659,
code/scenes/theatre/tl/sm1cs-tl007.rpy,Phase 6,not started,142,142,1057,deutsch,deutsch;italian;french;spanish;portuguese;turkish;chinese,no,cbb9016479fa95aca7c6ad58593fdf63093d7659,
code/scenes/theatre/tl/sm1cs-tl007i.rpy,Phase 6,not started,10,10,72,deutsch,deutsch;italian;french;spanish;portuguese;turkish;chinese,no,cbb9016479fa95aca7c6ad58593fdf63093d7659,
code/scenes/theatre/tl/sm1cs-tl007i_1.rpy,Phase 6,not started,10,10,72,deutsch,deutsch;italian;french;spanish;portuguese;turkish;chinese,no,cbb9016479fa95aca7c6ad58593fdf63093d7659,
code/scenes/theatre/tl/sm1cs-tl007i_2.rpy,Phase 6,not started,3,3,23,deutsch,deutsch;italian;french;spanish;portuguese;turkish;chinese,no,cbb9016479fa95aca7c6ad58593fdf63093d7659,
code/scenes/theatre/tl/sm1cs-tl008.rpy,Phase 6,not started,186,190,1104,chinese,deutsch;italian;french;spanish;portuguese;turkish;chinese,yes,cbb9016479fa95aca7c6ad58593fdf63093d7659,
code/scenes/theatre/tl/sm1cs-tl008i.rpy,Phase 6,not started,16,17,80,deutsch,deutsch;italian;french;spanish;portuguese;turkish;chinese,yes,cbb9016479fa95aca7c6ad58593fdf63093d7659,
code/scenes/theatre/tl/sm1cs-tl008i_rep.rpy,Phase 6,not started,1,2,5,turkish,turkish,no,cbb9016479fa95aca7c6ad58593fdf63093d7659,
code/scenes/theatre/vs/sm1cs-vs-renovation.rpy,Phase 6,not started,117,118,1031,deutsch,deutsch;italian;french;spanish;portuguese;turkish;chinese,no,cbb9016479fa95aca7c6ad58593fdf63093d7659,
code/scenes/theatre/vs/sm1cs-vs001.rpy,Phase 6,not started,88,90,895,deutsch,deutsch;italian;french;spanish;portuguese;turkish;chinese,no,cbb9016479fa95aca7c6ad58593fdf63093d7659,
code/scenes/theatre/vs/sm1cs-vs002.rpy,Phase 6,not started,161,172,1789,deutsch,deutsch;italian;french;spanish;portuguese;turkish;chinese,yes,cbb9016479fa95aca7c6ad58593fdf63093d7659,
code/scenes/theatre/vs/sm1cs-vs002i.rpy,Phase 6,not started,23,24,276,deutsch,deutsch;italian;french;spanish;portuguese;turkish;chinese,no,cbb9016479fa95aca7c6ad58593fdf63093d7659,
code/scenes/theatre/vs/sm1cs-vs003.rpy,Phase 6,not started,263,266,1834,deutsch,deutsch;italian;french;spanish;portuguese;turkish;chinese,yes,cbb9016479fa95aca7c6ad58593fdf63093d7659,
code/scenes/theatre/vs/sm1cs-vs004.rpy,Phase 6,not started,122,129,1197,deutsch,deutsch;italian;french;spanish;portuguese;turkish;chinese,no,cbb9016479fa95aca7c6ad58593fdf63093d7659,
code/scenes/theatre/vs/sm1cs-vs005.rpy,Phase 6,not started,300,304,1886,deutsch,deutsch;italian;french;spanish;portuguese;turkish;chinese,no,cbb9016479fa95aca7c6ad58593fdf63093d7659,
code/scenes/theatre/vs/sm1cs-vs005i.rpy,Phase 6,not started,14,15,88,deutsch,deutsch;italian;french;spanish;portuguese;turkish;chinese,no,cbb9016479fa95aca7c6ad58593fdf63093d7659,
common.rpy,Phase 2,not started,2,351,1382,portuguese,deutsch;italian;french;spanish;portuguese;turkish;chinese,yes,cbb9016479fa95aca7c6ad58593fdf63093d7659,
