relative_path,reference_language,translation_block_count,string_dialogue_count,source_fingerprint_sha256
code/classes/character.rpy,deutsch,1,10,ad515dd815d53fb056d0357ea314503a444133671018a0f8d1ee5bc9e90fc14d
code/classes/chat_controller.rpy,deutsch,2,8,3c26fa1e871e412981a7f29e36349c834456110b824ea55a7ebd09be7ab2f03e
code/classes/gallery.rpy,deutsch,1,2,fafccb82b730163f835d8baa53277d2b045e2a8a827f8e80d3ded86a0297d188
code/classes/gametime.rpy,deutsch,2,5,db3f6b14008718e611366878e6e33d2d9122bd83465cf11b758b46a0c9d212f3
code/classes/interaction_character_option.rpy,deutsch,1,12,d248da6087f7d8378e530caaca1edac2270bc503423ca75cd28be7ffcd43f9da
code/classes/interaction_location_option.rpy,deutsch,1,1,2f213115e3fbe8b3c298c52460e64b5d75b419065dbe6c44767a650baab15198
code/classes/interaction_object_option.rpy,deutsch,1,2,8a4407e00c3ac4766bb0f2785ba855c696b05cf8ca8d0c6f97ae4311e49479f7
code/classes/it_controller.rpy,deutsch,1,2,e6b36aef7f11f1ef7287e16505b226286ff00341fc1f89ac6d35bd6f2a0fb5dc
code/classes/location_controller.rpy,deutsch,1,5,c5b0e313ed957b10c60acee089b901a50b471feab9c3a6e0040a0cac5b533641
code/classes/lovense.rpy,deutsch,1,1,b37cd90186dfc01e62061eb97e567b1b98e31df6156b105c95bbfa02200b64e9
code/classes/map_location.rpy,deutsch,1,5,78f8b44daf938cb695a556ba334ceace4155a648a00218ee24bca250a335d358
code/classes/movie_controllers.rpy,turkish,2,22,0182f523870253f144e3ac005f0cab8256507c46620f37fc108134faac644a3b
code/classes/player.rpy,portuguese,3,6,caf291c9469c8f2189b5acee3cf48a64c491483b7a90c8dd2093f23e48d2084d
code/classes/player_controller.rpy,deutsch,2,3,52287f2c2e6d5f9e540044bdfcc08e671086fbbb7ec252ea787b76e28445be28
code/classes/quest_controller.rpy,deutsch,1,7,bdce46bde1ed4008e527915aabb38d734941ea368c8721937b2c3772d1b9f1ca
code/classes/renovation_controller.rpy,deutsch,3,18,e730a1c6fd14badf8237a53eaeb0040300fd2dec37119d6621377050d3316779
code/classes/th_controller.rpy,deutsch,2,2,287c21ee94970bbb18cc24136686568cf2f52a5a904f6eaa9a2b1b9ca981c1d4
code/classes/vn_mode_controller.rpy,portuguese,2,2,7a8758a32308934d8df501d4dbecc9b8fe42a14430e596a2b2a14062f736c138
code/data/characters/characters.rpy,french,1,65,fa59e5833039a086c80443bbdb8ce4077211700d2ca9621741c67b065ee5b1dc
code/data/characters/names.rpy,chinese,1,92,ba44326b545efb10dcd41eacad52aa8927bf74ce48c6f813aae18cc9719abcba
code/data/chat/chat_am.rpy,deutsch,1,17,6cf865a1adfed1f04b416d0998a38714da611258173115ed3fa45bce1260848a
code/data/chat/chat_arj.rpy,deutsch,1,14,e8e94ffac4d1ab66d5ae108c42c1843c6f1b7b0663c7de822c14b9d96b927a0d
code/data/chat/chat_bg.rpy,deutsch,2,3,4e3b027d051121e13cc4a70c0fc613d76288c0e3822e8754ddc0f295f305a968
code/data/chat/chat_cw.rpy,deutsch,2,6,8b3b5dad4219177b8a06b8fd72a673e9e13c2a6fe9cbc54896dd45da926382c3
code/data/chat/chat_dc.rpy,spanish,4,13,299b2e46e6f92ea6c3a6d622312ac2fc5f471aef382e816f67f26f678f54b222
code/data/chat/chat_dvh.rpy,deutsch,1,3,195aff67fdeb36f16699a126f0ec00b24ae7a457ddf59eed18592f5841f3bcc2
code/data/chat/chat_km.rpy,deutsch,1,7,396be347ab734364583589f4f599359911ab2e0bd56f34e35895cfbbe6247d66
code/data/chat/chat_kv.rpy,deutsch,2,15,65e4c579891261ef3ef003444a56d350b8ae6762b71675b41771ecf06cfa2eb8
code/data/chat/chat_mes.rpy,spanish,8,67,6bb9c567ddd7f1ed7f22f45fc5da0876845388e0984cc731a94aa5d6e9ad8bf0
code/data/chat/chat_mh.rpy,spanish,3,7,67b6e944e31315ddb02d0722e807883ad88cba4d3f300adee093f27ba9ea84f1
code/data/chat/chat_my.rpy,deutsch,2,13,ae89047939ba83fc39c3add58540e53e2615e9827fa4d4eec7c445d5aa75ef62
code/data/chat/chat_ns.rpy,deutsch,2,3,15f0cbf37df9e86ff76b2a25c8b5b4d46cc493bac068de3d037a5dda060161f9
code/data/chat/chat_tl.rpy,portuguese,2,19,7f34e7d704bfad9b19bcb1deae5e55fa64ceabca2a8cd29e8464c2c7b1776245
code/data/chat/chat_vs.rpy,deutsch,1,19,6d188fe7bc2a95b6b5d6494c704fcde005b6809cedce463714d602970bc8eb7e
code/data/constants/constants.rpy,italian,5,50,463f2eb1e7e5fb96d785e20a3466e4c264b30a5439dfd3cd1e7ea0c1f68c1fc5
code/data/constants/location_constants.rpy,spanish,4,58,37d7915b15cd1705f39503ee7f5fa578ecaa7bea0c23aa1f8a44d947b6911754
code/data/constants/traits.rpy,deutsch,2,76,6050235be81afc847b04b869754c9481fc66f056830cf1bd8ebe5f6ae625951a
code/data/gallery/achievements.rpy,deutsch,1,66,89f185838abf16cf5f77348993267494e26b80803dadadaa625debec8d42aa91
code/data/gallery/replay_gallery.rpy,italian,2,70,0896e2f5b0b673eaac8f41af52f12017fa530f84bbfd7a43e004d33ef4987f97
code/data/gallery/sm_website.rpy,deutsch,2,20,3f42fa459732d4c113e6985580d06522b7f015fc695621e3522651e3136b8202
code/data/interaction_options/interaction_character_options.rpy,italian,2,123,dc0d61693d54ad7fa5a1131f0574ce49423e67f48a9f388a60339e6c370b5a83
code/data/interaction_options/interaction_conditions.rpy,deutsch,1,1,85819f7775ce4d3776b06d8bf341a4b08ae2a6a124c41d81812e1d2d6c9b0e3a
code/data/interaction_options/interaction_location_options.rpy,deutsch,2,6,5832cd435518cdc8d345ad6976e4148e66160f78e6f599f5cca8732ee51e32bf
code/data/interaction_options/interaction_object_options.rpy,spanish,2,13,1ae81ed7b57777a03bed360aa8d7ef3db854361c7bb1ac95be463a1c193eebea
code/data/interaction_options/store_item_options.rpy,deutsch,1,4,f1d7674fb1372a06ee485b3077df74c5ea1cc915519621b192fbbdeff640ec01
code/data/quests/line_list_quests.rpy,deutsch,3,25,ce9d3a923330f9286fe35b8a6c2c5ff0e3eedccc143e25b31ec4ff3dc4d8fa37
code/data/quests/quests_it.rpy,spanish,2,66,81a7e20c0c8810e7a0e3e4b6fdfb0337644162811acc85aebb02594d2853c538
code/data/quests/quests_movies.rpy,italian,2,47,cfae25293f24fe50314aef446855f6ea85114076323f3ac711585f3a41dcb24b
code/data/quests/quests_neutral.rpy,deutsch,3,115,ad06bcb34076cf612f6a9322bc70c42108b4cce62d7f779fe682fdb4e4ecefec
code/data/quests/quests_theater.rpy,italian,4,59,3d65f81ecabcae969498fb8b54d5fb92f15bcbd413a0275209c547e960fca8ca
code/data/quests/vn_mode_conditions.rpy,spanish,2,5,bc660013912a8ac6602e5ba86dc4a94cf9a318ab4a04c21b15240ce25f3579d8
code/data/quests/vn_mode_data.rpy,turkish,5,202,481fc052629c412b129b65ea4eb67263864dca19396b81be5cfc55e5d1343cfc
code/data/quick_interactions/GR_Bar/q-inter-rd.rpy,deutsch,14,14,c8fca9d8199889463e865a5ad84a6a34c7f9c40cf70a25338633cd3809afb40a
code/data/quick_interactions/IT_office/q-inter-ag.rpy,deutsch,51,51,94a46728a73a852565d9b61cbe0e474a33b5246da7e41a97c03cfe0cc3b9c3eb
code/data/quick_interactions/IT_office/q-inter-am.rpy,deutsch,137,137,4925d368c957b2499bad6adc83f873190051e70622adb3c15650fdc2fcbe89f3
code/data/quick_interactions/IT_office/q-inter-cw.rpy,deutsch,49,49,d6211783a0ef346473f0e9e4c43972edcdf8fcd495985d6cf2b5eed09de22e09
code/data/quick_interactions/IT_office/q-inter-en.rpy,deutsch,20,20,3b53173c5dce7aeb128022593445fe4935d8f6e4f64ad760f29e3df67d2d472b
code/data/quick_interactions/IT_office/q-inter-jh.rpy,deutsch,22,22,cc0926a1aa449e22d877f3fc4dc96ab6559e34764ea39c96092688c957bcbc30
code/data/quick_interactions/IT_office/q-inter-lm.rpy,deutsch,17,17,74eb4e243b62c438de1d1e2cb3cf91e016762c4c4f46c22f753fcf89b134c683
code/data/quick_interactions/IT_office/q-inter-mj.rpy,deutsch,16,16,7d5d280d5f6ac469e7f8873495f5699651c73c2c048461ebe744ce13f85724d3
code/data/quick_interactions/IT_office/q-inter-ns.rpy,deutsch,206,206,0353842ef0a9aeeeafa3cfeebc6b59ff15432b1895e82d251a170faf61f885e8
code/data/quick_interactions/IT_office/q-inter-pm.rpy,deutsch,19,19,3d42a8cec7b3100f1389ce7a31c82f8bee8e667c1a3a92b16bb10941d4c6fa62
code/data/quick_interactions/IT_office/q-inter-sr.rpy,deutsch,19,19,739901c1eca61ee07dbd467fd06889b9aa90bf79b7106fac1fc782263957efa6
code/data/quick_interactions/Neutral/q-inter-dc.rpy,deutsch,48,48,1b9787a7813f9d1ce89cf58f9142beb2a1a6466f6a38930d25a77ee4278faecc
code/data/quick_interactions/Neutral/q-inter-mes.rpy,deutsch,67,67,82a118dd21b86d42669e7c1db6a6cf0fb300c2089d87066b08d4ad0fe39257a9
code/data/quick_interactions/Neutral/q-inter-my.rpy,deutsch,71,71,37b4b450758b248804ac942d1d7c390f28685364e1a04105ee204e56384f6bda
code/data/quick_interactions/Neutral/q-inter-sy.rpy,deutsch,119,119,aa13fd89ec65867835ac5302589e31aff7235b2dfcab1e43c137f21add5d5f92
code/data/quick_interactions/Photo_dojo/q-inter-bg.rpy,deutsch,39,39,f397e70eef2a56db80be78997ca9ac7e17070a20270713c3dfc553a6732de970
code/data/quick_interactions/Photo_dojo/q-inter-kv.rpy,deutsch,32,32,d945c169a4bd2f0dae47095fdc15922bab46eb2d6067ca883680cd4e7ac998ba
code/data/quick_interactions/Starducks/q-inter-cs.rpy,deutsch,20,20,da638d4e18a55855cdc4fe9359d72c9b084e2a42fc851d07d338cd7cfcafadd8
code/data/quick_interactions/Theater/background_chars/q-inter-ec.rpy,deutsch,33,33,17e4f49f5f3cd6522bae272a23b2ff15da421294424df3424c184bfc7955b858
code/data/quick_interactions/Theater/background_chars/q-inter-kw.rpy,deutsch,29,29,0467ecc4f00d8a5b763f478227a981dd2f49ef6cb47fd6216b42044721ad3057
code/data/quick_interactions/Theater/background_chars/q-inter-sb.rpy,deutsch,15,15,024fcdb4544f1f5011c824608b4ba74ac814dbd24e3668111899d6af2f4baf05
code/data/quick_interactions/Theater/background_chars/q-inter-sj.rpy,deutsch,28,28,a463760bd656383578e1252d41f40e9e44e05901fa109695e4db699b4fc643ba
code/data/quick_interactions/Theater/q-inter-dvh.rpy,deutsch,19,19,5102c5578ec877ef71b8c828a0f1ec9a160ef877c9c95917dbe2649122023ad0
code/data/quick_interactions/Theater/q-inter-km.rpy,deutsch,35,35,30213d6a4a8042aef1763a43ff5b0dae7b2cf7156581411499ed7988eef3a682
code/data/quick_interactions/Theater/q-inter-tl.rpy,deutsch,117,117,0f1aac5a35838fc1f3ed9f963f4da2ed951cb04e94865f146c9222747251f84d
code/data/quick_interactions/Theater/q-inter-vs.rpy,deutsch,51,51,ddc22d4ff83ec021e4fb31ef12a69073db46d0e05d4b518c581b859c64e953d7
code/data/quick_interactions/l71_shop/q-inter-ic.rpy,deutsch,17,17,730e61c33537e4942851de99ec346152b2b22ef00a0f9a6a0f8c0030f1dc8cda
code/data/quick_interactions/wurst_delivery/q-inter-ms.rpy,deutsch,142,142,9693b291900f8a4ff576c59b289e5858b3a0fb2a811cd1f690bf8b277780b664
code/data/quick_interactions/wurst_delivery/q-inter-nr.rpy,deutsch,33,33,bff13f955d694d0e181b1cc2d4e3fda85ea2a2161641c7fe1e5109af72fe48c1
code/data/renpy/defaults.rpy,italian,1,1,ea3bdf65e0bf6b4680390a5ccc8d56663ed6f36d76fc3dc9ff40df168a6a9647
code/debug/storyline_config.rpy,deutsch,1,1,ea3bdf65e0bf6b4680390a5ccc8d56663ed6f36d76fc3dc9ff40df168a6a9647
code/functions/functions.rpy,deutsch,1,3,6f5a5e4e3779c4984e4a7098f7814726750aeb8a434418af47871a4969eb3c3c
code/functions/init.rpy,french,1,1,ea3bdf65e0bf6b4680390a5ccc8d56663ed6f36d76fc3dc9ff40df168a6a9647
code/functions/release_1.rpy,french,1,1,bc357c40f8c034f77cf020b84f0fa458c8f9f1270b15298382cba7ef47bef472
code/hints.rpy,deutsch,1,136,480daa5c7b31a64548b628ead31b6444548cf56664e287434d2578f2e9240535
code/live_chat/live_chat.rpy,deutsch,1,4,2eab65c3c70afaa909ceca5e30b10186aecb4b0fef4503dcd6ac66163fcb481c
code/live_chat/live_chat_auth.rpy,deutsch,1,12,257a2d56cc0b4ec631cef3a13e6ff28be43ac121b35a2cbcbbf324efd35feedc
code/live_chat/live_chat_helpers.rpy,deutsch,1,2,1e8de9190c688a8080b31b0f559ad17f7a65868fccd4a064565becfe94efd09e
code/live_chat/live_chat_storage.rpy,deutsch,1,3,0512de0ffa936e4957a52cc93f896c688494640ed5a432b445b45843fc44b4ea
code/live_chat/live_chat_ui.rpy,spanish,2,27,31a90ea3475e0ca4881338d269bb882fbdb56ebd06930bddbe230151d97445e6
code/minigames/nonogram/nonogram_game.rpy,deutsch,1,5,621b4a2ab55518314baad43f0b01abcfc17335caaff3ceaaf7765fb93605340b
code/minigames/nonogram/nonogram_tutorial.rpy,deutsch,1,5,676d9c3a54de1157b1943d8cce1333b0bce8f0b44132aee184182047db59475d
code/minigames/simon_says/simon_says.rpy,french,1,1,ecd1c781f11a8af022e87624cc693b3525cfdc9111b6420dd813be5c19d340ca
code/minigames/simon_says/simon_says_game.rpy,deutsch,3,7,136a5174b42318204f3d72f86e739e4032b0372bb062bb118e42d98653743adc
code/minigames/wurst_delivery/wurst_delivery_class.rpy,deutsch,2,2,0ad628a73b087efa843491af5078db3e77e3a68cf3df5a5e53cb9b2f46d5e470
code/minigames/wurst_delivery/wurst_delivery_game.rpy,deutsch,1,1,575cc56e39eb7b046ba21c0cfc5db8c99210f8d0157370f00b0e3c126a05678f
code/minigames/wurst_delivery/wurst_delivery_labels.rpy,deutsch,2,2,52b5387d3bf0a9a2336db5d18d79d6cb5d5e751402c3dcb6adfc2aaf3c08dd0f
code/renpy/config/options.rpy,deutsch,2,2,c12fc4129c509e541863c46a80eb4ce34826786d5875e519ed50a5208f3e588a
code/renpy/labels/actions.rpy,deutsch,1,30,358dc3ffd1570e2116465323017d79b5f5410f972fc53fa765af797564cf1805
code/renpy/labels/labels.rpy,deutsch,2,2,af33393c963881b5950896e80618044cd239106769c6c8ca75ffe62e8f62e62c
code/renpy/labels/vn_mode.rpy,spanish,2,2,b2a7e3ccaec7730616e6a528fa33ffb0b2feaf8481a8e34b398f6c1356efa909
code/renpy/screens/character.rpy,deutsch,2,5,5167cb2e11387af259fd6ad8df98a1c14c0177e8c654d17150ab277d5dc1c9f5
code/renpy/screens/difficulity.rpy,spanish,3,14,6fbf0a4eff29532388f3c0a97a1c7816e52e21ffd0c032ab09a4e91599b96599
code/renpy/screens/faction_it.rpy,deutsch,2,8,84cfacfe2d60346ad2a26f301badaf415cf720ffec0d13e7df561c56dfb395c9
code/renpy/screens/faction_th.rpy,deutsch,2,6,fb5373a3007f5d30457d0af0dc4ab14a87f909ac4ab4409eb9ef6d93f0f19e36
code/renpy/screens/gallery.rpy,deutsch,1,12,3b61ec7eb4936950a36b591ef47d52eeb83acc9b5bcc95f53309be4839dce5f5
code/renpy/screens/game_menus.rpy,french,1,16,e449cce4a9ca3e9f14fa7eb53623a29d3da1b04ad026135be0cec36a46ffcd31
code/renpy/screens/info.rpy,deutsch,2,12,202cef3c5de4e11b90888a72e25605dc6b057635d6018f116965e3cdc0e61ee8
code/renpy/screens/interaction.rpy,deutsch,1,1,28d6bbf9b588bb81285c867c699ff547074d9c605c037e38b6a30486cf19b5bb
code/renpy/screens/language.rpy,deutsch,1,1,248aa3ffc30aee8959d391580121475336f37748058ca672643a8609935dca4d
code/renpy/screens/lovense.rpy,deutsch,1,14,5068ccbaf3708b179986aa31ba83a3be013a794375fcd70e57dd973778aad3a7
code/renpy/screens/map.rpy,deutsch,1,1,d3ce810be1839c318db99f558de9f53716daf4186d612ed0a9eb3485e08d3e8b
code/renpy/screens/money_statement.rpy,deutsch,1,4,e7b3cdc56170be2773451419ebb20e0df163440f60441df86195d2564ad8104b
code/renpy/screens/movie_progress.rpy,french,1,6,ad7aee3816801e9fc4b4e9e6804bc2c51b82713ed853e44ec9f3873c825455ba
code/renpy/screens/music_player.rpy,deutsch,1,3,7266b28545c8de043ac8dab7c1a02322fed300a161c65c12dbf3e83dc9f200fc
code/renpy/screens/neutral_characters.rpy,deutsch,1,1,971ec43697a2f06478d2020a7315c467317ac301b3e98b1968122cd455452d36
code/renpy/screens/others.rpy,french,1,19,83a778a01e598c4b06ff93db8fa604d2eb758966cd96f6de90ced498d733aee9
code/renpy/screens/phone.rpy,deutsch,1,12,7f5b6ff91a936d51e78a697ba5095de7b5090dff6514be7777bd818182da377c
code/renpy/screens/pirates_movie.rpy,french,1,8,071678432b796236a573ceed453717243ed26de95c836c73d27e9a3f5c6e4c32
code/renpy/screens/quests.rpy,deutsch,1,6,2968ad188bea3cb20db4d6879f89ec1369dc697d46ee2673ec68c7a4be63af3b
code/renpy/screens/renovation.rpy,deutsch,2,6,50b17f5cd7a1e4df477716b3216038157cf6061f1acf43d0bf0311712ea8a5ed
code/renpy/screens/sandbox.rpy,deutsch,1,3,bb4a770d0964fc55d325be60edd5f504131323a3d35d868197b8248cd04a0dfa
code/renpy/screens/save.rpy,spanish,1,12,62a60d8613387bb81bc335f3fbf0c535a00c0e0a2cf7cc4460dbd770abf2fdac
code/renpy/screens/scifi_movie.rpy,deutsch,1,1,0546bb83a0557ff1b31a24ddf3a26f8ade8498b96c7d93ed3b6b0fe4e6f3904f
code/renpy/screens/screens.rpy,french,1,137,b39dd74b3bbca05e0b6a9215a7a4a23af5b8a78339dc6c78abf019063b285155
code/renpy/screens/sm_website.rpy,deutsch,2,13,6b2ff687c090bc05270050acba3eaa7d414d699f487ddfa29984b58218822d2c
code/renpy/screens/studio_laptop.rpy,deutsch,1,1,636d09ae21688319f541e703f1c6d5096bdbc1572f5e17f1d334a1551bca5c9e
code/renpy/screens/topics.rpy,deutsch,1,1,0552462042d64ed70a0c368b71e8e933f87e32c60caa7fb99c1ba9a49112d5f0
code/renpy/screens/ui.rpy,deutsch,1,4,9a0d0befa5cf4954ab632ba0b2bdfc281530f24c726762b446e31b162702fe29
code/renpy/screens/vn_mode.rpy,spanish,3,3,3f51682203506a4845970cd180c1bd3440ad5333bc8e5e1100fa29ea5c8e9664
code/renpy/screens/wait.rpy,deutsch,1,4,37501faee528384104d6c8d74f5a92fe4a2fd1839d2cae90b4b609cb84750b27
code/scenes/character_scenes/arj/sm1cs-arj001.rpy,deutsch,114,114,2e875b56d6e9164113e7c6d338925bf3812b20de279f5bb85041dee49e79a0bb
code/scenes/character_scenes/arj/sm1cs-arj001i.rpy,deutsch,18,18,54aa374d059eebbeef032361028776cfc98ab477c15985c3a8d07a96e645686f
code/scenes/character_scenes/arj/sm1cs-arj002.rpy,deutsch,334,341,426ae8c86ffaecbbe5aab5e81629f3b60fd37433751aaa4c9f75e81034e16de6
code/scenes/character_scenes/arj/sm1cs-arj002i.rpy,deutsch,9,9,d16439dd78db6ec3c2023c0e1dc1b366cc2cc4ef15cfa8fd08bacebad76b564b
code/scenes/character_scenes/arj/sm1cs-arj003.rpy,french,174,178,1699ccd2f123a7ed6306cd55a362f78ba08a8573aa347dbbfb9a40dade7feb89
code/scenes/character_scenes/bg/sm1cs-bg001.rpy,deutsch,185,186,058260336e4ca8f96d53d48de05f251710b43ef941b8929bc6ba9372af91e186
code/scenes/character_scenes/bg/sm1cs-bg002.rpy,deutsch,263,264,0a9ee2480135f21568dc7c19b879508275e3d83296575f8ccfab8e0f701fd0ff
code/scenes/character_scenes/bg/sm1cs-bg002i.rpy,deutsch,5,5,587ba8dbba80f480d4eae8f10356a438d34badc8c541099b05041a9a9d27b815
code/scenes/character_scenes/bg/sm1cs-bg003.rpy,french,324,330,3d528e49f34cffe38efe22b94e2ec237bcfd6e7beb3aaedf3e01ebf2787ed974
code/scenes/character_scenes/bg/sm1cs-bg003i.rpy,deutsch,8,8,f0281ff4da72c8095be177189893e162b0a2cb8ec6204b5355332f60d5db57e4
code/scenes/character_scenes/bg/sm1cs-bg004.rpy,deutsch,262,262,2a29fd8f0377e232f420c0065f583b2aed0d549c00f70f0668e28179a6d50ae5
code/scenes/character_scenes/bg/sm1cs-bg005.rpy,spanish,204,210,db2c860e34f30be208d709b8a843cbcd19d28978c7a3fd8c13f84a285d3ce67d
code/scenes/character_scenes/bg/sm1cs-bg005i.rpy,deutsch,11,11,c24ff6743b7a4c468bb2ef43a97d7002178ef1d106a6efe265dcdb84760659ad
code/scenes/character_scenes/cs/sm1cs-cs001.rpy,deutsch,34,34,257343fab4724d87cc4ba861ec66d4c6677d4938a0ae9c181e4153f70a4144dd
code/scenes/character_scenes/dc/sm1cs-dc-renovation.rpy,deutsch,102,102,43823006e4c5b32fdc5c860f10ac11068c5530c25046ae1d24fc09505dfc67c9
code/scenes/character_scenes/dc/sm1cs-dc-renovation_i.rpy,deutsch,14,14,2f1079c8379fbcfaed4ee45beacba0a68a0e0dbf143a7c088dd17dee46fa00e9
code/scenes/character_scenes/dc/sm1cs-dc001i.rpy,deutsch,8,8,da7062700431e70152e592065889293e1048aef2b868486b4ce9a769c5276948
code/scenes/character_scenes/dc/sm1cs-dc002.rpy,deutsch,86,89,af2668e813f9d2147ae2bd1a2cd432690a063ac140fdaf3df4c13d28009f9e6d
code/scenes/character_scenes/dc/sm1cs-dc003.rpy,deutsch,107,108,2127bf77989f395f5f4ca954d12822da8812dfaa0ba6854a87a42cd4a4af6fb3
code/scenes/character_scenes/dc/sm1cs-dc003i.rpy,deutsch,10,10,60e5cc99d36681936a9e64a409e8e3bc2dcc85ae8563d459473d14265550d22d
code/scenes/character_scenes/dc/sm1cs-dc004.rpy,deutsch,14,14,1f984b6111ca3e078ea1cf5c2c896f9fa7a7b00717c6731c52308883fa418eec
code/scenes/character_scenes/dc/sm1cs-dc004i.rpy,deutsch,3,3,6b60a0d720cb97675a78258d430d0e5771045e9f5069e7ddea6d0ca18f7eb460
code/scenes/character_scenes/dc/sm1cs-dc005i.rpy,deutsch,9,9,2edc8997b3e6ea567564013d3ce32d50cb01f71b6139b25428775d6aebbdf07a
code/scenes/character_scenes/dc/sm1cs-dc006.rpy,portuguese,158,160,8521adf144777e432d65088d80f51ca4b6dc1a4ca48a5b4888b654562a79a1e8
code/scenes/character_scenes/dc/sm1cs-dc006i.rpy,deutsch,21,21,f5925284050b2316a5b8c2d6b7ed4e5c8e6180307a08ed059cacb9479c979fdd
code/scenes/character_scenes/dc/sm1cs-dc007.rpy,deutsch,134,135,7746c92809245a8b73b4c2b88f3a21e75b874e98fef559de1aabecb5d942bbc5
code/scenes/character_scenes/dc/sm1cs-dc008.rpy,french,174,174,3a86caf8e2c63507a3d5f20bda0043a961d8b9a0cbb1a5b67239518e945185fc
code/scenes/character_scenes/dc/sm1cs-dc009.rpy,deutsch,285,285,c47be070d4aa9096ec3697f344097e635848708e40dec4a9b59e8bb62a22887d
code/scenes/character_scenes/dc/sm1cs-dc009i.rpy,deutsch,19,19,d58d16967668da6f28192013ec3bb503360cc10adbdd05eb9f30b739f5aa8f6d
code/scenes/character_scenes/dc/sm1cs-dc010.rpy,deutsch,409,410,defe8b7ed8b0ebfcea16bbe41a206431dd6310bd5a84c712d232a07fe5d70dc8
code/scenes/character_scenes/dc/sm1cs-dc010i.rpy,deutsch,15,15,8539f13dfa1580a011e9b8450bf15c19457d01a13207d2cdb47a004c2c25a0c3
code/scenes/character_scenes/kv/sm1cs-kv-renovation.rpy,deutsch,70,70,fc6221a7d83dc41bdfa3f6b9267723d3d520ec3cc041a70cb508a78bcbad6469
code/scenes/character_scenes/kv/sm1cs-kv000i.rpy,deutsch,16,16,9c3ce9e168366b8297d3bcfef7a84c8490f37dad1ab6ed94f1898f0533acbd53
code/scenes/character_scenes/kv/sm1cs-kv001.rpy,french,84,88,b3658b9794c315bd4a36b20531d97d9bbb74df3e4e9a9e25e290fb6686b4f753
code/scenes/character_scenes/kv/sm1cs-kv002.rpy,chinese,93,96,fe463d75a9b65577f2fc0bfeed9fc360965c4dcba1f27264f7519143ba9c98bd
code/scenes/character_scenes/kv/sm1cs-kv003.rpy,deutsch,166,166,556949d8efce095dbc8ba250acacc35566ab32691a77ccbb5981b0eb14f54c26
code/scenes/character_scenes/kv/sm1cs-kv004.rpy,french,199,202,a9a50a3ac3babcf2366c1f8da5ce03824ca579a189b9737ef9640b445dec3b87
code/scenes/character_scenes/kv/sm1cs-kv004_1i.rpy,deutsch,16,16,8166a0cfed79b368b24a98445a7cef2de8ad601b2cbdd4a911624356d5283d5c
code/scenes/character_scenes/kv/sm1cs-kv005.rpy,deutsch,210,210,2fcf36069e335b7fc78c6a0176c78d144b6211411394803da4d84f1f8bfed1f0
code/scenes/character_scenes/mas/sm1cs-mas001.rpy,deutsch,37,38,f690502b1cc70530671cc60e11bfc8a26de8a7ee7e3a649b659b2293f96cdc68
code/scenes/character_scenes/mas/sm1cs-mas002.rpy,deutsch,75,75,962af3ae10f5bf38e0b77c69303b982c53df3734a2b202902326e98b108ddb6a
code/scenes/character_scenes/mas/sm1cs-mas003.rpy,spanish,283,290,5b2c4648fbe95ec355d1cea482b56361950d7cd22af0e2a49613484070289906
code/scenes/character_scenes/mas/sm1cs-mas004.rpy,french,252,260,afa3860b72878e14a6ec2b8845c2df685753e593b3949b3b0e99161eac2df853
code/scenes/character_scenes/mas/sm1cs-mas004i.rpy,deutsch,5,5,89e01dee52931eaa5f59b28052a988302d2e2697c1b08b1219f2a279c248b5b8
code/scenes/character_scenes/mes/sm1cs-mes-r1.rpy,french,286,298,a67b6829869c36cf8d3718fa772d1b51554088f8740be8e43a313483adc62a95
code/scenes/character_scenes/mes/sm1cs-mes-r1i.rpy,deutsch,2,2,d5e8b77672d96d0cdc8789b0e6121d9e576e315ae250a2877ab71f831d0ebb64
code/scenes/character_scenes/mes/sm1cs-mes001.rpy,french,175,175,0ad3cb5477ffcb8219d0c31e5a140a7a429461fce80f68d608599f4ce447ff9a
code/scenes/character_scenes/mes/sm1cs-mes002i.rpy,french,33,33,73621a18d2e3faed3fdeb78e9699112cc0c78bc24518aa9b3575465e7008091d
code/scenes/character_scenes/mes/sm1cs-mes003.rpy,french,287,293,170cc99215b22ff96be21d501e6bfc22b3d8542c11d303b3b6a83ace04a74a54
code/scenes/character_scenes/mes/sm1cs-mes004.rpy,deutsch,170,179,26bba1a140ea221a8212cb8a6da39e14dd96ab612ccc0e47d4f1881fe09b7b4e
code/scenes/character_scenes/mes/sm1cs-mes005.rpy,deutsch,214,216,01b698fe944a8cf68b14301e5ac4c8d5851c271e410f22e8adae06c22f4f77ff
code/scenes/character_scenes/mes/sm1cs-mes006.rpy,spanish,599,614,b2e473fcaa055dcdb8c1fa9841ffca422301663a62964003ebfb31b5382568c3
code/scenes/character_scenes/mes/sm1cs-mes007.rpy,spanish,203,217,9debb7de8988ab06e4ae28abaa25991d5428cf3e1b05fba069b1e90c38c194e2
code/scenes/character_scenes/mh/sm1cs-mh001i.rpy,deutsch,18,18,0bbcf613f868b0eb47a51ad42a05ada80cc238d953fe9e5a6d1c39bc158c4691
code/scenes/character_scenes/mh/sm1cs-mh002-00i.rpy,deutsch,4,4,38bd18c5080c6ed535e5217c7a0a708950b2936dfe6b5972342efb06b1e638fb
code/scenes/character_scenes/mh/sm1cs-mh002.rpy,deutsch,66,66,f789fa86ba3c6d873fd5e9984f019b446dd602774cfcd3268fc7741afa446a53
code/scenes/character_scenes/mh/sm1cs-mh003.rpy,deutsch,138,141,8ffa0cb707334be13e0c02b1cf9c33b62e86fa43d3029c4edfda2971a3267816
code/scenes/character_scenes/mh/sm1cs-mh003_01i.rpy,deutsch,24,24,eebd7faa85d2358a1c56e3c4227aed68cb01d58389bc827444b8d6e14b9e16f1
code/scenes/character_scenes/mh/sm1cs-mh003i.rpy,deutsch,3,3,13364f08aec8c613b44e8f3e4d9e5053385e09b21a9b12a3f00c816dd85f5eb0
code/scenes/character_scenes/mh/sm1cs-mh004.rpy,deutsch,91,91,ec3ae059a1fd233717f3ef82971c614c389be3e21806fe4c9e80abe520279140
code/scenes/character_scenes/mh/sm1cs-mh004_01i.rpy,deutsch,20,20,9cad1454a9eb7478fa7ad46afbdeb366bfdd0d78f4fa847a0a7a6193d3bb1048
code/scenes/character_scenes/mh/sm1cs-mh004i.rpy,deutsch,13,13,19c23ab3c98df4366449cb5dd97a89649ec9419b459c71fef5791e512bb68de9
code/scenes/character_scenes/mh/sm1cs-mh005.rpy,deutsch,159,162,9fadfdead5b256184506878ef591ed6ab169fba488ac4700abc672d708b56e16
code/scenes/character_scenes/mh/sm1cs-mh005i.rpy,deutsch,8,8,70100f7eabf7b6593315c6093c039c3fa3fa794173e5b2d7ceaf756a538ab3a5
code/scenes/character_scenes/mh/sm1cs-mh006.rpy,french,231,233,f65271c25a9e102027141da1051d45d87034c4defee21cc2bf5996d660a1af65
code/scenes/character_scenes/mh/sm1cs-mh006i.rpy,deutsch,8,8,86a695c190ab4e5fc5ff134c846525273e976f84bf00c43508df6364697599cc
code/scenes/character_scenes/mh/sm1cs-mh007.rpy,deutsch,239,241,a1e55acf54278498cd454e168a87454eb3426584bdcb3490ac77c61c84f6a6ee
code/scenes/character_scenes/mh/sm1cs-mh008.rpy,french,391,392,75494695048ad53c0b7e356bf7a53402f57c5733d5b2d6e23581c921614ab94e
code/scenes/character_scenes/mh/sm1cs-mh009.rpy,deutsch,402,406,c1a6747bcd4e95c9f7775c96c1f3346f80830fb554284508afc6a70073aa870a
code/scenes/character_scenes/mh/sm1cs-mh010.rpy,deutsch,118,119,0dfc8a714ab4435babb17a5504c63af7d096ecdcea80eb1b44a2ab50cd763dcc
code/scenes/character_scenes/mh/sm1cs-mh010i.rpy,deutsch,22,22,0118b318e349834d5c6a78104e37dcabfcbd60de3cc4f7335e6e72792fb64a12
code/scenes/character_scenes/my/sm1cs-my001.rpy,french,225,226,425457638709dd66be8d68bef8fabab9bc928be906bde784effd727238cb52fe
code/scenes/character_scenes/my/sm1cs-my001i.rpy,deutsch,3,3,c1d47fb8c84c0bf7ff0c430bb3dfc2e9533449f4d31424536a2d02055f774f4a
code/scenes/character_scenes/my/sm1cs-my002.rpy,french,214,225,b775c7309b2cdb05d2caa0f05feeafc91d86e3fc724702acb933b1321fb3b6b1
code/scenes/character_scenes/my/sm1cs-my002i.rpy,deutsch,6,6,0faca6579657102655b166df0f927f1fa91d5a993982f8b8da5923f5b1be06cf
code/scenes/character_scenes/my/sm1cs-my003.rpy,deutsch,273,274,9a2fc98b9983d8c000c7857065f717e4b30ce5d8ea765ca3e1fe6876cb2bdf46
code/scenes/character_scenes/my/sm1cs-my003i.rpy,deutsch,5,5,6f9c01ba761e6260c276a357d0c0616bbb7bc5d25cf8b1beaabd0bc5bf9ac316
code/scenes/character_scenes/my/sm1cs-my004.rpy,french,291,294,8c69b9b4343351e435678943ef783794a3c84537f32efc9537a5ec4e259e44ee
code/scenes/character_scenes/my/sm1cs-my004i.rpy,deutsch,7,7,32c9bacc677e219ef271ba0155b9bdc218d064f637fd419ddc35a90d198aee3a
code/scenes/character_scenes/my/sm1cs-my005.rpy,deutsch,220,222,619e6aaaad66da392fb05f8a9f62b5ec26f27190dd3aa7937890fccbbd18edc3
code/scenes/character_scenes/my/sm1cs-my005i.rpy,deutsch,8,8,3583e6673597feaed570c019b21030253335c8e1f48946f9cd675ef34a912357
code/scenes/character_scenes/my/sm1cs-my006.rpy,spanish,395,396,d478b5fa2b39181a229bfa4bba16ea874cfee8a3cd3129b957d217928641e1a3
code/scenes/character_scenes/nr/sm1cs-nr001i.rpy,deutsch,9,9,7e036c43a799082af8de0caf3eb9d1a0c5461d8622fea6065b3d4835dad0c5e4
code/scenes/character_scenes/rd/sm1cs_rd001i.rpy,deutsch,3,3,252e87c08f977c8ec678ef199f45336dfa028a0ca8f34bb751821dfb9b59275b
code/scenes/character_scenes/sy/sm1cs-sy001.rpy,deutsch,125,129,b3c7af02c0a694330a6f6b52026ef6dc3bee0807706a06e98cbc848df6606b1a
code/scenes/character_scenes/sy/sm1cs-sy001i.rpy,deutsch,16,16,239067144960d71d77dde27a9ba342b0f0214a5c155f354b522071ca2786933e
code/scenes/character_scenes/sy/sm1cs-sy002.rpy,deutsch,209,209,99c74c3c702120e091baca1034eba3afc6159ea6dbfffa85842b0df1b4b035fe
code/scenes/character_scenes/sy/sm1cs-sy002i.rpy,deutsch,27,27,7babb386240dd536d6f0663f7db7809baf5628940f2134cc2bf62953fc060987
code/scenes/character_scenes/sy/sm1cs-sy003.rpy,deutsch,163,163,e98556cd73c9022f5c629c2396f8f686fdf4de56b9bac7237a3cf4fac6c2677c
code/scenes/character_scenes/sy/sm1cs-sy003i.rpy,deutsch,11,12,1058e5493e63b45e4956ac4bb11a69516ac538d159690e63349a29d5fbf4c7ec
code/scenes/cross_characters/sm1xc_ns_tl_001.rpy,spanish,113,113,eb94d44e95a184eb110e5b1c05112892c1a481e86601fc0b4b6597a3e662addb
code/scenes/cross_characters/sm1xc_ns_tl_001i.rpy,deutsch,15,15,e21d5204696318c04fa9806dde326baefd289888f0ebcc8d6a4d08086b6080e9
code/scenes/it_office/ag/sm1cs-ag001.rpy,french,127,136,79efd77f552b43fcc45afa6fbe4c5e82cbbc22b22a424c097931ddeac341845a
code/scenes/it_office/ag/sm1cs-ag002.rpy,deutsch,106,108,62ddacebb4bb060df5590b2148d9fa928243c0f0f8fbe33f0f92b5e77125c19c
code/scenes/it_office/ag/sm1cs-ag002i.rpy,deutsch,6,6,da83988bc398904d85b2383cda20298a5d805d7f5546bc04dad79704ea032f21
code/scenes/it_office/ag/sm1cs-ag003.rpy,deutsch,136,136,43012f9334c35760cf138285c891dc65050e1740968d1347603eccaa964da3e4
code/scenes/it_office/ag/sm1cs-ag003i.rpy,deutsch,6,6,e0384c28d3eec831fec425fa8ed1501552669f22a092cf5ad98589e2a20866e7
code/scenes/it_office/am/sm1cs-am-renovation.rpy,french,114,126,d5c3f9963b9541a690930e562d121b1a18f1cb623c6018c09a1d20ad9e6c9098
code/scenes/it_office/am/sm1cs-am001.rpy,french,149,156,18ebfc4d254f7675406d98edbb712aa136c522fad79e6a4de9c41acee99814ce
code/scenes/it_office/am/sm1cs-am002.rpy,french,97,103,0751d13e04f2cc2e6bd3a873d696c0f0b78ce4bea58d9f8d6d254c7e1bfddedc
code/scenes/it_office/am/sm1cs-am003.rpy,french,145,150,19fb43ded1442d30a128631d34cc821eb4db575dd09d5a5b87753f89942f0ee8
code/scenes/it_office/am/sm1cs-am004.rpy,french,273,290,f97ae7e2c6aed42a3078fd4c90aca3e5e1225142eca6f225bb54b4da5a5435f1
code/scenes/it_office/am/sm1cs-am004i.rpy,deutsch,14,15,41dbd3dd43bdf883f039dd28e57ecad67ba938ecdc7a5084f60acfb2920473a4
code/scenes/it_office/am/sm1cs-am005.rpy,french,179,194,aaaf6a794b967051ac4b898fa8f6fb4b0faa2f184b8b7fa35f54a87f9680a698
code/scenes/it_office/am/sm1cs-am005b.rpy,deutsch,9,9,737642b7fca79ab323a87edb40d715fb87c69a1bf312fed3b4f0ef4cc8f8014a
code/scenes/it_office/am/sm1cs-am006.rpy,french,210,224,c587094afe95b1d56830708bad61e42c5eecd801b666f3824da896f40774a4af
code/scenes/it_office/am/sm1cs-am007.rpy,french,437,463,2539c498b76365edd642944fbffac28901263b15a55a159dd61711b13fe8c060
code/scenes/it_office/am/sm1cs-am008.rpy,spanish,482,496,bf7f98858d220c1721e5936bce89632826f1a24c00ac9f9efc99b8e39932078e
code/scenes/it_office/cw/sm1cs-cw001.rpy,deutsch,114,125,9323ef54d5d691aeaab9349558a29bd7b431de44b2d9784cbf4495e4f66e8cf0
code/scenes/it_office/cw/sm1cs-cw001i.rpy,deutsch,3,3,178e7139ea648fcef86fe5750889a372c40607fb854111c98ce0b1c6f8098b73
code/scenes/it_office/cw/sm1cs-cw002.rpy,french,41,42,5f2fd8bcc2318f01c4f3e4ce07c6e58f6bb8c1a6a0dca916483d5d39f4170ba1
code/scenes/it_office/cw/sm1cs-cw002_2.rpy,french,150,157,6ccad5e65bed5fcf5337772d9efd6c6ee154e4c9cb718cc3d95c0a9f5f1cb8fc
code/scenes/it_office/cw/sm1cs-cw003.rpy,deutsch,78,79,ad224d552c13ff0e2869a427fd84aa06192cff08bbbcb39b24b9e5e4867669df
code/scenes/it_office/cw/sm1cs-cw003i.rpy,deutsch,2,2,1df280fbd2a3877014c62dd53517932e09a167530e0b912de79c9cd7556220e0
code/scenes/it_office/cw/sm1cs-cw004.rpy,turkish,330,339,7a52dbef83b362f9bd558183bb132d1c97a8e4e48842da362a46603a448291b9
code/scenes/it_office/cw/sm1cs-cw004i.rpy,deutsch,8,8,42871af3bc18794a8762e08c2cc6e8ec49e2f5f338e4d98d72234ed481f7b42f
code/scenes/it_office/cw/sm1cs-cw005.rpy,deutsch,422,435,591cf89906ec29ecb786239e12869ddfa63520cd8563a9607a890dce82af914f
code/scenes/it_office/cw/sm1cs-cw006.rpy,spanish,291,307,e724bed9598df93015b822d64931e706e41f3ed2ae1ef6d20506370dc2cfeea6
code/scenes/it_office/cw/sm1cs-cw006_onramp.rpy,deutsch,6,6,190d67212393a66624a49d9792c9d28fafd12e7ae1c97cfb9bd2007726e835e4
code/scenes/it_office/ns/sm1cs-ns-renovation.rpy,deutsch,65,65,6a5a42f8cbf1e847d69aa0ef26406405aad731c2222ec1a86c6ba064f06771bc
code/scenes/it_office/ns/sm1cs-ns001.rpy,deutsch,99,101,5ba3ca9c3dbc8b49952ea5d1e9f693a64338adb90408e52564321f9c2edac17b
code/scenes/it_office/ns/sm1cs-ns002.rpy,french,136,138,cfd777725afca26ff7d963e4a09ad3440b23dd3968b2ea9b7221dd7cc31f81dd
code/scenes/it_office/ns/sm1cs-ns003.rpy,deutsch,177,183,60cb3d83ea3849e99f4eabb097ff3c3b04ef4854983e480dcfc09cfe27c6cce0
code/scenes/it_office/ns/sm1cs-ns004.rpy,deutsch,160,164,f10e338bfe77c69183f9703c73ee1b6ed94f8d51a2d816e3b1e6c6fdea67b674
code/scenes/it_office/ns/sm1cs-ns005.rpy,spanish,192,194,41398e936da9ada7823a5b6dfc36110595e8bed92e4ad19712f46cf46da72601
code/scenes/it_office/ns/sm1cs-ns006.rpy,deutsch,124,125,9b85911a88865df8510cfde6e0d7789432826975c80ab52a9a7d11bebf8de6d7
code/scenes/it_office/ns/sm1cs-ns007.rpy,deutsch,332,339,a3719eca20b1a9f8c0066a37ead9a2e11cf9d2726a1fb8a0d61de3e74262abee
code/scenes/it_office/ns/sm1cs-ns007i.rpy,deutsch,19,19,110d4184f8d7d74627fc02128da336565faa01067c672d3aad09c6e2d429a2f4
code/scenes/it_office/ns/sm1cs-ns008.rpy,deutsch,95,95,8c9d211062299a7e200d756fa28fe30d12d3a4c726c62c7fe986c0fd1f9a5749
code/scenes/it_office/ns/sm1cs-ns009.rpy,french,223,230,f5f9bc923f06c60fd66b01a1b66e69389fc4277881092e8f8358be5a2ea8d7aa
code/scenes/it_office/ns/sm1cs-ns010.rpy,deutsch,137,137,7b80b8fcf10f6465fa4bf1bf6664788815046df262819467ecbc226591f21b7a
code/scenes/it_office/ns/sm1cs-ns010i.rpy,deutsch,47,47,d76c91d4c208b564a667153e9822c287fc5b59f93d631fcd4c3ae0a1d25df3d5
code/scenes/it_office/ns/sm1cs-ns011.rpy,deutsch,191,193,3a23e0a4879f8643fd9a3da3f25365af40a8d4bf2221780db3850c7b57347bf7
code/scenes/it_office/ns/sm1cs-ns011i.rpy,deutsch,9,9,8186a20f91dd457cf5bbfc99d1f4b3057683167dfc55b9787d962ff55a1e50fd
code/scenes/it_office/ns/sm1cs-ns012.rpy,deutsch,313,332,9b2c271125fd2bb70d62590f914cd983e20bf9482a2e8637388746a0e89772eb
code/scenes/it_office/ns/sm1cs-ns012i.rpy,deutsch,11,12,cc36c124c39d4a3798c5f048e7f46df076f10aee1fc7d4ee6e9a529cd9fc37df
code/scenes/it_office/ns/sm1cs-ns013.rpy,deutsch,400,409,fb88131ba4c275c0916b50a8ef9d5e6ddd78df107b00baf75e17d3de0ad76a3d
code/scenes/it_office/ns/sm1cs-ns013i.rpy,deutsch,4,4,9714dad3eaa162b7a8b9ec56ac7770178984e6587d0c1ef500994b9df1218cef
code/scenes/it_office/ns/sm1cs-ns014.rpy,deutsch,199,209,d237b1bb1812a8e5fb2f2e16ea3b3c30f264bfe42f04703de02b164ac23cfc00
code/scenes/it_office/sm1fs-i001.rpy,deutsch,104,105,14766357dac8ebb3cf50b1169e80a813ca32ce7f5662909c41dd7dde11e56766
code/scenes/it_office/sm1fs-i002.rpy,deutsch,103,110,8e4f319c983703abb24d030795b07e18c7f5036237b5b72a63d1362242bd92c3
code/scenes/it_office/sm1fs-i003.rpy,deutsch,169,171,f5b095de1e6d9ae50de24b445441150f09badde20cf3dfcc32980a5b64b5a186
code/scenes/it_office/sm1fs-i004.rpy,french,122,128,ba786c8fa46e722a57756197a24cc3c17c9aa8aeab0e1c8236f002bbb94a0e61
code/scenes/it_office/sm1fs-i005.rpy,deutsch,269,272,96e617b3e903ffa0717255c67809053817f8f4cd394788328e96e02c79f3f844
code/scenes/main_story/sm1ms001-02.rpy,deutsch,14,14,10456589c78e534dfd106a93c063030f7287479cee40dd7571bc35a45d078ff7
code/scenes/main_story/sm1ms001.rpy,deutsch,89,89,574a46ed83ee991dbea882465a6506e318b8af45142486b7023136c17f062f27
code/scenes/main_story/sm1ms002.rpy,french,41,42,3020e5a83dcb750456ae3d1f325506e0e6aa3a813bab1602fd7bf278d2943e21
code/scenes/main_story/sm1ms002_it.rpy,spanish,56,57,2b37890bbabddc301f0c92eda23c09fe367970dabcd5096c01bd44454a2304ee
code/scenes/main_story/sm1ms002_t.rpy,deutsch,41,41,c042c12924817a443bab55ab1491d50eefc2b8546ed8145fa28317962c38b8e5
code/scenes/main_story/sm1ms003.rpy,deutsch,102,108,f003759fadbd543bea47efe488f2fb059e15844d29bd5430fbc67ce78ad4d044
code/scenes/main_story/sm1ms004.rpy,deutsch,100,100,15cb1e1c09b4e82aad5f375fef9f40dfad99810e22167fdcdb98e9b4b228d16b
code/scenes/main_story/sm1ms005.rpy,deutsch,148,151,f2dd885c37a7077d7feff09ba753d49b72bee79d6e28bcf88c3a1a80e63e1ac3
code/scenes/main_story/sm1ms005_01i.rpy,deutsch,8,8,8da7bfa79f972f73118343fb8d23bc5ae3515c49b76a24ff0cc625adf7084e18
code/scenes/main_story/sm1ms005_02i.rpy,deutsch,11,13,a2ddfb27649e836274e60aaec048958d17a768ea8f230459ad52f026b4671334
code/scenes/main_story/sm1ms006.rpy,deutsch,116,116,982753e6de77935888e4fdf6c92a9dd573f05ea47d7311c5284e352edc97eb02
code/scenes/main_story/sm1ms007.rpy,deutsch,98,101,a66f804d41814045103b4a6029a11ab49965ca485db28a94a715d9d0540d9880
code/scenes/main_story/sm1ms007_01i.rpy,deutsch,6,7,e6c8934c9c2fe5f3492ae73b618ade3a172cb2ca399b9450da02d125e5fccd12
code/scenes/main_story/sm1ms008.rpy,french,153,158,a6603f618660dba419e5051402d05f4c7d74a2c262259b3790ecdf37c7de780c
code/scenes/main_story/sm1ms008_01i.rpy,deutsch,11,11,f9211c1721db40548916ba8ab108d2e183acb002ec131aae47edff8472dd4e93
code/scenes/main_story/sm1ms009.rpy,french,469,470,07fdc2d5346a0afe3ddad17e7e99813a3a9b2c8cc89aa4296d1b9f609a355355
code/scenes/main_story/sm1ms009_01i.rpy,deutsch,4,4,36e86be78ec7be515d4d96e4c270703bd16af5c7525d4e2bd8983f11b17f2a65
code/scenes/main_story/sm1ms010.rpy,french,196,207,680f33917779dab2b73f95529dea6a193cdc23fef1dcea8c5f9ba8b4229d5b07
code/scenes/main_story/sm1ms010i.rpy,deutsch,4,4,8bc0dc0e29f7b8a2cc80b34416629f15a5fda275d79f232f212f7b86b4d473e3
code/scenes/main_story/sm1ms011-01i.rpy,spanish,42,45,cdf19ae00e493b95a0f022d0e87f6da1a079113484856a020b343e3812eb07c0
code/scenes/main_story/sm1ms011-02i.rpy,deutsch,51,51,114c2f7b57f28f9e6542c8e1e5104cdc1b82fd44cf2527de5fc7647356fe11ed
code/scenes/main_story/sm1ms011.rpy,deutsch,14,14,547564ff018ef5fa8c1cf2d3dd250009532b80cee602ec7c47dbc9ef961e2e84
code/scenes/main_story/sm1ms011_it.rpy,spanish,82,89,3f30c4cbfbeb517b6fe45dd5cb54069adf8bc071a37ded59e132c17f188bb568
code/scenes/main_story/sm1ms011_t.rpy,deutsch,57,57,ff3a799300fa2bec827e3a76f840a0fc25bf66cabbd1d527fa2ab25dda65e5b2
code/scenes/main_story/sm1ms012.rpy,deutsch,123,123,6fc150c5212de04ee9ce22993c48d47bb8eb08a0ae4d434f87d669f815fda35b
code/scenes/main_story/sm1ms012i.rpy,deutsch,7,7,bc565394b55be24f2f8edf6002b4a9fbae1ee443c074444e5a312fdb47ab92b3
code/scenes/main_story/sm1ms013.rpy,deutsch,210,210,12f9327708ef2040879eb26056efd9efb5d8b7ec3384626db1822661ccd0b6ef
code/scenes/main_story/sm1ms013i.rpy,deutsch,12,12,7927b1d79750166e1363f05f67cbc7c450d87ebb8b45571df6969685ee763df4
code/scenes/main_story/sm1ms014.rpy,deutsch,177,178,f7b4e249cfdb054c7cad0cfd82a3a1fca2d8c0c8c989feaf4b54b1299b25b562
code/scenes/main_story/sm1ms014i.rpy,deutsch,2,2,29e5e3facc745e555107dfeb726cf67960a14c1eb2c9da76cad9ada86019cc86
code/scenes/main_story/sm1ms015.rpy,deutsch,151,151,2637b747c773dc3f85aabc80c24f98604c90fc2633ff3be263d24c505ce770fa
code/scenes/main_story/sm1ms016.rpy,deutsch,148,148,9c32d7e8a3b945dc0d64fbcd8d66d0a7c38c2bf3a7e6bee9c76138a92385aec4
code/scenes/main_story/sm1ms017.rpy,deutsch,114,114,2ed014702d2524aa1186bed45678bc1a555fb1ad95076ecf45602e951d42a12b
code/scenes/main_story/sm1ms018.rpy,deutsch,114,114,c1bb3b04da053900458cea499a10b8725c7732c50834a153e3352ea7bb0bb4dc
code/scenes/main_story/sm1ms019.rpy,italian,190,191,5a6424b2cf4e10f165fe98ad38c2a1ed13f6b8d15b52e3aa2e2d7a0adbcabe45
code/scenes/main_story/sm1ms019i.rpy,deutsch,3,3,a19353d286fae022e01815f308932c3fb527e5aae55630cb3d213d18f17b30f5
code/scenes/main_story/sm1ms020.rpy,deutsch,215,220,c0e1cc1b426bd8c43537bdd6060d6f0df5ba00b6e2231e3a337d44b6b6776ffa
code/scenes/main_story/sm1ms021.rpy,deutsch,108,108,785dd4585cf5363df34e15df1ad346187fdd325788c6fc696c16a9d82265c300
code/scenes/main_story/sm1ms021i.rpy,deutsch,13,13,fa0651e23dbca46eb971b30807ed961f5cc400e0ab205b537018a5fd52e93bf8
code/scenes/main_story/sm1ms022.rpy,deutsch,284,284,39a482780ac84b9d751a813dda3455fd297481804da0e5a4c9542b4802685f15
code/scenes/main_story/sm1ms022i.rpy,turkish,11,13,c02096b3d70e0f0d1c0de0da2788be319d4c42ddc305420977455329183467b4
code/scenes/main_story/sm1ms023.rpy,deutsch,52,55,84b304bf57640c6b1efcef3fcf47af3f0adff7def2c89a3c3b7c6d78bb8ef42f
code/scenes/main_story/sm1ms023_02.rpy,deutsch,65,65,8ead9260b9e250bd8b7818284541dd065366e56d2e5f75de9fb74d9157516882
code/scenes/main_story/sm1ms023_02i.rpy,deutsch,6,6,e9c3768b3d48aed741e9e25e72d3f08d6fba22f08ffa6b9efae607e6c1d8e8b2
code/scenes/main_story/sm1ms023i.rpy,deutsch,4,4,bd81337d2b4ee2e02ec8add9791de6da86cbd0a581cf3edddb8f397ae7e1e1ae
code/scenes/main_story/sm1ms024.rpy,deutsch,140,140,12c41f88a4e63138731d37492f7ed308d4f8ff76d858206b280a7fbb3c8903fd
code/scenes/main_story/sm1ms024i.rpy,deutsch,5,5,bcd6def0c8219698e5d30ef1ab46f66770a56a85e3bcfd21340af07d30545c9b
code/scenes/main_story/sm1ms025.rpy,deutsch,147,147,8bd3f51bef4cbadbe513bdb58086d4348feb47e11db417c88587f417dc3ca3b7
code/scenes/main_story/sm1ms025i.rpy,deutsch,4,4,678b70038b8f4e4de7bc3c4858273ee25b42b2ed04fcaa28a5b26913adebe49a
code/scenes/main_story/sm1ms026.rpy,french,148,155,f724b9f81a9e43a2da60d08a1a280e2e890062b42ab1ef175cf8540e8c28d805
code/scenes/main_story/sm1ms026i.rpy,french,13,20,1311d4b879bbc6c957e9506c0629b53ea9dd6cad8b9898a087235e743e2f64a6
code/scenes/main_story/sm1ms027.rpy,deutsch,63,63,26c6db393aa2df4ae0e36e7ed4420c623b0331afe5799b607b175b1a937c7c32
code/scenes/main_story/sm1ms028.rpy,chinese,166,170,8b3782a049100e5bf20506674ac00597fb6f1c1d8408a82f9d421cf5bc28be63
code/scenes/main_story/sm1ms029.rpy,deutsch,1134,1150,10e795e7eacd46979643da7e67254e019e303538e3300b8455ef7fbf9f05e22c
code/scenes/main_story/sm1ms029_1.rpy,turkish,275,275,4347b41fcdacb1119dd509cbad599f64df0e975d4e00b7b670628e582846a53e
code/scenes/main_story/sm1ms029_2.rpy,turkish,279,279,68a0614c03ec20a26b3e97f576e53c76492c4600cb27872df1dd158472c604cb
code/scenes/main_story/sm1ms029_3.rpy,turkish,275,275,506d186b171961a72d98be1184065bb505aeb37b478f7f7510b9963301a16504
code/scenes/main_story/sm1ms029_4.rpy,chinese,280,296,281f428af34ebab296a9f3831ef6ceccaea5aa74a2168287a0af8a377a65aa89
code/scenes/main_story/sm1ms029i.rpy,deutsch,6,6,073c4d22f3afa6ecec246b320015af0f91197aee82088f732ea7d4421b643f46
code/scenes/main_story/sm1ms030.rpy,spanish,132,132,64ba63190d34baa3608caa1af2d397615641aec191ae8d4125584707d3c0e0dc
code/scenes/movies/movie01/sm1mv01s01.rpy,deutsch,157,157,d0023d1da5a0cbf77a37b79c00d105963bff726348a6e04cbb0a4a1ba0d0d7b2
code/scenes/movies/movie01/sm1mv01s02.rpy,deutsch,333,336,32b58c940d73e72933bb1ce8d8f80bbca305b8d8c69befe21a35628829e0d6c9
code/scenes/movies/movie01/sm1mv01s02i.rpy,deutsch,9,9,8dcd42e76ad922c86e8312444bce86706bdc2f581f83e76513a2d1b50e208dbe
code/scenes/movies/movie01/sm1mv01s03_1.rpy,deutsch,74,74,190a456df20e62be999ca28c95a6b35e37e1fe8be255fc573c9756f4cf69705e
code/scenes/movies/movie01/sm1mv01s03_1i.rpy,deutsch,8,8,0e318db409808cfab18803bd58fa32af6b8f6ab0346eaba1cd6165e960fe6725
code/scenes/movies/movie01/sm1mv01s03_2.rpy,spanish,332,338,9be388f06fcdcdc5f491e5ab9ee8f471453785a3f0015694c891a0d53c475b83
code/scenes/movies/movie01/sm1mv01s04.rpy,spanish,130,130,e43e6ed46e83e214b9c5d40a96fc01b7dac252c5db6e23e7840babe9668f9d35
code/scenes/movies/movie01/sm1mv01s04_2i.rpy,deutsch,3,3,b1f364c1246716422698bf67148a5ada40140cbb121a85219b2977bc59f74709
code/scenes/movies/movie01/sm1mv01s04i.rpy,deutsch,13,13,bdac523dd08f46207a619408f707b188ff33fa09b96840fef2ba735875dd5c72
code/scenes/movies/movie01/sm1mv01s05.rpy,deutsch,264,269,c0bfd1a32c8622fe03ece81248912decc75bb19117aa86ebb3e05a6ec460df11
code/scenes/movies/movie01/sm1mv01s05i.rpy,deutsch,6,6,d0250b4385f8d1cbaaa0946b418cdc451d34a594f2b657b57d7abe80cfbc8826
code/scenes/movies/movie01/sm1mv01s06.rpy,deutsch,273,275,65833cf7dd9e08e15a102c654e91cb96512a5017da74ded1c172f6954376c499
code/scenes/movies/movie01/sm1mv01s06i.rpy,deutsch,5,5,83f765577798efb435f83d446e854bcb68afe9563d11219519c73041332c9541
code/scenes/movies/movie01/sm1mv01s07.rpy,deutsch,40,40,93cc000c7ae4ed82d9457b660636f8a64d7baaea8f882fa79535fff76f6671e8
code/scenes/movies/movie01/sm1mv01s07_2.rpy,deutsch,152,157,f593366162d9c854dd0c975cff64af57755f8813a63849a3b82a8b1b2d69eab2
code/scenes/movies/movie01/sm1mv01s07i.rpy,deutsch,4,4,4777f50b7e59cedbf6fde8940f5dc64e41721af1c142808f87973d6a3348f28a
code/scenes/movies/movie01/sm1mv01s08.rpy,deutsch,300,300,d356daf0fa23b726f3fda1aae56be71fa2665d331e5ccc38c62570824b97b92e
code/scenes/movies/movie01/sm1mv01s09.rpy,portuguese,326,326,6b98885e59974695b844dcb6c5ba65401739a5957f8fd82d740f212edfb241a8
code/scenes/movies/movie01/sm1mv01s10.rpy,deutsch,138,138,7d8b4321b33a80f6f539b737bc0021c0167b589008e8da3ddcb0723aa8cf007a
code/scenes/movies/movie01/sm1mv01s11i.rpy,deutsch,19,19,6bb6ff5a88185b7e321d4db5798eba08349f7468cfe74c9a700c725fb8a85594
code/scenes/movies/movie02/sm1mv02s01.rpy,deutsch,93,97,a3765fd4bbbd306a044062861ee800f2e36f1706833adfa5d18f2849e9a2cd70
code/scenes/movies/movie02/sm1mv02s02.rpy,deutsch,75,75,57ae3d8b11acb979067c87429711c9df0f692cefa0e5c5e5e366937a5be8a2d4
code/scenes/movies/movie02/sm1mv02s02_01i.rpy,deutsch,15,15,a472435e682dbc5f8ad57fa1cf9343ee7c11a6abd8cdfddababbf2202385f199
code/scenes/movies/movie02/sm1mv02s02_02i.rpy,deutsch,19,19,d063a7ab1be163dbdc416ad5d41aed858f676646b52821b6c5f9d326dc356236
code/scenes/movies/movie02/sm1mv02s02i.rpy,deutsch,8,8,a461bc03c9f370f47b2d90577f771f20764e08a1fc4ee40332c589bffc160ac0
code/scenes/movies/movie02/sm1mv02s03_1.rpy,deutsch,91,91,f59315aab8d8762dc7bcad9f5efbf5335a0fbb6b6290e470d075150063114da4
code/scenes/movies/movie02/sm1mv02s03_1i.rpy,deutsch,2,2,18d7692611fb102d5082bb34dce990662702619c93b32c9db88fc609cbf2274d
code/scenes/movies/movie02/sm1mv02s03_2.rpy,deutsch,93,93,854ba7de21591a1ae0b614c7176747752add3b954571a8d190cb6d2da4e25719
code/scenes/movies/movie02/sm1mv02s03_2i.rpy,deutsch,4,4,5d5b7b2833d86fa80c0addd0bca59472486d313efae9db59907819c730b6b440
code/scenes/movies/movie02/sm1mv02s03i.rpy,deutsch,8,8,64cc8202a6c59222a1598c2a811e930dda13bdeaef7f1b1e830084d72dd3f724
code/scenes/movies/movie02/sm1mv02s04.rpy,italian,209,213,cb24f29f3b024323b88220a528c8a9bd80d36a0a1d64f51fe4d7e61610d1154b
code/scenes/movies/movie02/sm1mv02s04i.rpy,deutsch,6,6,722f4c2a5b47bfe97a9e05f79f41daf842f1f94d855adb53e30ced4cf7c9c7ba
code/scenes/movies/movie02/sm1mv02s05.rpy,deutsch,399,405,315b9ac7c3ec8661d6b165c34adfcd2aca71cccfea403077c49ee7dd5cb346ca
code/scenes/movies/movie02/sm1mv02s05_1i.rpy,deutsch,8,8,42287229b7633c5b9fd9c9da9456bc70a331439d18f480a07eb18b1c879e5cca
code/scenes/movies/movie02/sm1mv02s05i.rpy,deutsch,11,11,37fbd981bd3bea14f660dfe64f9b6bb2786bc309e70bb04d08730b51f17e4e40
code/scenes/movies/movie02/sm1mv02s06.rpy,deutsch,209,209,62c1f895bdeeacc83303443b6911056e21b7fb2e2f1175ccb00660f95ea0f391
code/scenes/movies/movie02/sm1mv02s06i.rpy,deutsch,4,4,9a0bf7f0a11ec1701c65fd417503c561685f2b9caf0d78952a1d98fb391d44b2
code/scenes/movies/movie02/sm1mv02s07a.rpy,deutsch,243,247,040e4ee7d1b05e9484aab2592fa43f60d34f26afe3fc7ef8d81e1710251c1a18
code/scenes/movies/movie02/sm1mv02s07a_1i.rpy,deutsch,13,13,ac385dbf4116d1d496a8f29d8ee826d93025cd5dc145900525a6334bf69d3733
code/scenes/movies/movie02/sm1mv02s07a_2i.rpy,deutsch,24,24,68cd6bbcdeebbfee4baec3022c97de121f84c89b9ae2647d224f31b4ea981c02
code/scenes/movies/movie02/sm1mv02s07b.rpy,deutsch,264,264,23f8d01aa4321362ca251dcae9f39bbe2ea755b49d1bc4a2f2e5f9c20ef90549
code/scenes/movies/movie02/sm1mv02s07b_1i.rpy,deutsch,10,10,3d8ecb650824d3fe71ccc4ac305c01126b183c7f7a09dd1fd7828ae12334b83b
code/scenes/movies/movie02/sm1mv02s07b_2i.rpy,deutsch,6,6,e06150a49c6b3343951f546da34932fc0042e63803689e348ce3ac612ab9e0bf
code/scenes/movies/movie02/sm1mv02s08.rpy,spanish,199,200,cc1a4306ede916cfef0abe619d3afe310c8b52d283a50fcbddb72565c5c0240e
code/scenes/movies/movie02/sm1mv02s08_1i.rpy,deutsch,13,13,43a10050121b56fd3d65b1b9c96028499599c757f1b6b9aa1ecd8c2e05770ca1
code/scenes/movies/movie02/sm1mv02s08i.rpy,deutsch,13,13,163c98c4bd7271c6b20ee1c54c8998da832eed40b93a38d3b17361f12f8db80f
code/scenes/movies/movie02/sm1mv02s09.rpy,spanish,286,286,c52950f3246ea0e5f755b61fbd803b3856108dd66bdb5887e06fcf6cb4818735
code/scenes/movies/movie02/sm1mv02s09i.rpy,deutsch,3,3,a5781b82305008c75b3e8804889a8bfca1f9af6eb923894ca0b1dc3980c9e7d5
code/scenes/movies/movie02/sm1mv02s10.rpy,french,269,273,da70e7a06532c548bca95c3823843ca4daf7a69ea2c70921f1a1c0375d841598
code/scenes/movies/movie02/sm1mv02s10i.rpy,deutsch,7,7,a5c58e6c6d534ddfa07e0d120361345af44917dc647cc59bbb02d1c03669afc4
code/scenes/theatre/dvh/sm1cs-dvh001.rpy,deutsch,87,88,6cab9a2f854be8c19a0dc0cab8b2d271217224f38f60179af92cd52724939232
code/scenes/theatre/dvh/sm1cs-dvh002.rpy,deutsch,116,116,176ffc8db49290e35cf585a0bb75e122e36c5b0941c3c604886849d17a908797
code/scenes/theatre/dvh/sm1cs-dvh003.rpy,spanish,63,64,2cb73f3aed76af8060bcc2fbae7ccea7c601825bad4c2291209b7de2a6f9f246
code/scenes/theatre/km/sm1cs-km001.rpy,french,89,95,8e1bb42aecbf26fa7cdbacbdf575e360fa930f92e88bac55ae8a973e2aec24bb
code/scenes/theatre/km/sm1cs-km001i.rpy,deutsch,11,11,c32c1210915c102751d5f878ed3cf1c19180382f0b2ac58446e26eddf9637d01
code/scenes/theatre/km/sm1cs-km002.rpy,deutsch,75,80,126b7dc5a4ba525393593cd064729ef7405d0ffc7250bcfc929eb0a36d04ed85
code/scenes/theatre/km/sm1cs-km003-2.rpy,french,109,111,d52b4737946ba406ad06f43682243cf8f007d8e57cef1a78a24910a1096a1049
code/scenes/theatre/km/sm1cs-km003-2i.rpy,french,46,53,c47b3de7934c3771fb01af92339ad868c2bc9b12d9ac2e6b319e8dbca868b8fc
code/scenes/theatre/km/sm1cs-km003.rpy,deutsch,46,46,2caa56ab0c395504c5caf0e09d725b5968db341505384cd11ad634e20da1e73e
code/scenes/theatre/km/sm1cs-km004.rpy,chinese,272,278,29fd626c2fb7607cfe39365f40a48bca859a2767742eb9192612a8686bbfa01b
code/scenes/theatre/km/sm1cs-km004i.rpy,deutsch,6,6,d97396b17faafc55d931ca7780dae21e2983b89f298ebcc36cc80c8b2791e667
code/scenes/theatre/km/sm1cs-km005.rpy,french,224,226,932fa47f764d3d1d07f1386056036cc9e4119a08cbc243e72c942385bf8e8780
code/scenes/theatre/km/sm1cs-km006-1i.rpy,deutsch,11,11,63391271fd9f046f343827f6c97648756e081eb976e881912292e5e27905dcf0
code/scenes/theatre/km/sm1cs-km006-2i.rpy,deutsch,11,11,99157825e0e841ecaec4d21c0d05bce4ae5eb57d6b5a40cbd86e4b47633b199d
code/scenes/theatre/km/sm1cs-km006.rpy,spanish,570,579,16900a850c53833a65da740faf8b3d7931a904522c230b3b745bd794617f7cec
code/scenes/theatre/sm1fs-t001.rpy,deutsch,202,204,3b26e9385ec43930e3d9dc50fac50364499ad96889bc5ca0969987c20993c44d
code/scenes/theatre/sm1fs-t002.rpy,deutsch,322,324,9e56e2ae0e180f8c4019324c650a81d782ca8cfcff3b76c1550ebe1993eda198
code/scenes/theatre/sm1fs-t003.rpy,deutsch,190,190,b8fd7b43d4b77641a6639edb13d13df25851d29edbee591a52cc8a950534c7ca
code/scenes/theatre/sm1fs-t004.rpy,deutsch,259,266,f971fe37cc60fe9ce16164b08c8adc5b2e502fd6e4a1a4fca2ecddb5fc587c9f
code/scenes/theatre/sm1fs-t004i.rpy,deutsch,6,6,2a3a56da3f9e3ca8a98186db7cb71c4205cfe5bccd022e616a3e89094dd258dc
code/scenes/theatre/sm1fs-t005.rpy,deutsch,98,98,69ad18e25e2848a55bab5650f86dfdc731172d1505c787b3539ef17e2a01aa5f
code/scenes/theatre/sm1fs-t006.rpy,spanish,78,79,874f698b35fc65535131dcb884009a40ee13a4a0cc513661f7fc5dad41cd944f
code/scenes/theatre/sm1fs-t007-2i.rpy,deutsch,13,14,595a36ff2f4ea0077ad740207b22fe6a8bc7c162289120c0bb37034077e2508a
code/scenes/theatre/sm1fs-t007.rpy,deutsch,187,198,9058dc9bfab86f869fdc839ebaaffd6edb08ec4af87696f42d989e720076e486
code/scenes/theatre/sm1fs-t007i.rpy,deutsch,18,18,1d7aba0928c0f18c94154fc1c220a06da78f5730b50029d3f671fb1eb9c9e289
code/scenes/theatre/sm1fs-t008.rpy,deutsch,156,162,1f139b45a51c8586d7594fa3eee3a96c79918f4c9f35a6c8545ac86404cd4592
code/scenes/theatre/sm1fs-t008i.rpy,deutsch,12,12,521e131b5aceee957fd18ac593eb0c8cc79c7a734e1b06458e703bb4600705f1
code/scenes/theatre/tl/sm1cs-tl-renovation-i.rpy,deutsch,4,4,fafb7c8e68991e4ad88e2aa05928489b98745759d40dce06a68f9428907d612a
code/scenes/theatre/tl/sm1cs-tl-renovation.rpy,deutsch,68,68,317bcbfb4bee0ccb9c1c9f2047bbbbdb7f8d192d4492a59c70933f556cda788b
code/scenes/theatre/tl/sm1cs-tl001.rpy,deutsch,101,101,c0e5372f41643ec9400c3fbd59dd958fd19fb599196ffd66e8c56835e2780509
code/scenes/theatre/tl/sm1cs-tl001i.rpy,deutsch,8,8,bac95f56aacca3e951e717fa1de614951a7959e0db50f576685d7e4665bd1e5a
code/scenes/theatre/tl/sm1cs-tl002.rpy,deutsch,146,147,0a4c9f0e258c1da3e9cb29802eb30f7fa4dc5dbb7db92ec46144d11418b94f7c
code/scenes/theatre/tl/sm1cs-tl002i.rpy,deutsch,20,20,1d1ca71452b2e43005e253b5e5e4e5858881c1fda056814b8af19bd1380b8837
code/scenes/theatre/tl/sm1cs-tl003.rpy,deutsch,234,235,bfd55ba47b1987e6b591b9cb3740837069547f7baf95620d069696b0245ecea7
code/scenes/theatre/tl/sm1cs-tl003i.rpy,deutsch,7,7,9e553b14bc50d7b7a00210db820dfa61502f7917b2e0e27efffc66e39d73ef4b
code/scenes/theatre/tl/sm1cs-tl004.rpy,french,150,159,e75aa0911e9e0bb7dbe6fd16579bbbc5bd015bef86b98259f483f7ae12de914b
code/scenes/theatre/tl/sm1cs-tl004i.rpy,deutsch,9,9,648afe80070a474224ac6791ff4eb6dae851572d2fbc94f66fe4f0487889f630
code/scenes/theatre/tl/sm1cs-tl005.rpy,deutsch,102,105,7b1f55876efc1ed6cff1294a0f8c52e048282481cef93e25ccc49b5c003f0182
code/scenes/theatre/tl/sm1cs-tl005i.rpy,french,0,0,e3b0c44298fc1c149afbf4c8996fb92427ae41e4649b934ca495991b7852b855
code/scenes/theatre/tl/sm1cs-tl006.rpy,spanish,354,354,f595016552e74b2a7f6959ac50ed133fbeecfc4c9810a4f53dfc89da54119e72
code/scenes/theatre/tl/sm1cs-tl006i.rpy,deutsch,14,14,f96b768676bab47c3f78aaa858ea20f730da51f1fd4b0a112c2cc84650b1733c
code/scenes/theatre/tl/sm1cs-tl007.rpy,deutsch,142,142,265be146936540a16ad4cb3caee9612d008e6c960a02fdc1ff94ce658bb79ed1
code/scenes/theatre/tl/sm1cs-tl007i.rpy,deutsch,10,10,a7ffc23d7c9ed6d5f7565e11681558b7aaaf5da9fdfeb69c2cf090722e342f8e
code/scenes/theatre/tl/sm1cs-tl007i_1.rpy,deutsch,10,10,2c84087dc76054f9ef7a4d603c763bccb16f8c0f905f1b3495cd9b5cca6dd438
code/scenes/theatre/tl/sm1cs-tl007i_2.rpy,deutsch,3,3,5388a81521887a4507b5a5bbb297a6711f6d8b20d79eb353a7eb56dcf84f150c
code/scenes/theatre/tl/sm1cs-tl008.rpy,chinese,186,190,55802a5a0f15dfb389c8d97b2cd8174febcb3df9839e88c77f4854da8c993c76
code/scenes/theatre/tl/sm1cs-tl008i.rpy,deutsch,16,17,2100884bfb41aa3abbdfbfd461e900228e8289124855cbedf065d96fe6fb7c03
code/scenes/theatre/tl/sm1cs-tl008i_rep.rpy,turkish,1,2,f9eeda0193ecfa9db491a87c4c0b17d551f97a7293618f1d09260d6e60cc7247
code/scenes/theatre/vs/sm1cs-vs-renovation.rpy,deutsch,117,118,150920755954f754a882de2d3decff4e8b95555feecfdb94660dc68da88f5ad4
code/scenes/theatre/vs/sm1cs-vs001.rpy,deutsch,88,90,9013d04831cd3205f7cf8a585e5f75b506dd3ae2a1283961db8095941a2bcc5b
code/scenes/theatre/vs/sm1cs-vs002.rpy,deutsch,161,172,0756f38267af5f9166ee2283806eb119bb036a760cb1db48e42364b776bad76d
code/scenes/theatre/vs/sm1cs-vs002i.rpy,deutsch,23,24,4b116ca1d200abf1777bdff4d560f1e0280b46714bba0c45652fe5cd7f37f97f
code/scenes/theatre/vs/sm1cs-vs003.rpy,deutsch,263,266,7d23864787352b2fb7025c99668df1f465ac2d6a66a1120f2088b425a7fe3e19
code/scenes/theatre/vs/sm1cs-vs004.rpy,deutsch,122,129,f75c169f0b8e367be94ce4aed19970212a785fcc6639f8718619ac0e93311a7a
code/scenes/theatre/vs/sm1cs-vs005.rpy,deutsch,300,304,a8258c7d8eaae2d32cf9ff2bde49c659be50a310f8b16528d3d41c4db14aaa3e
code/scenes/theatre/vs/sm1cs-vs005i.rpy,deutsch,14,15,048306c5240e0e1f3a087350fdd0f890d5ac420777eea00fad81ed441bc25e48
common.rpy,portuguese,2,351,9f7a455607ee62be0c9b4929aa38197c6cba81533483c6d113b93fe8f87ec205
